Component Name,Weight,Z-Mean,Z-StdDev,Raw Score,Weighted Score
Accessibility: number of secondary locations accessible by car within 15 minutes,1.0,1.013675,0.03488,-0.001773219505854403,-29.112620972071515
Accessibility: number of work locations accessible by car within 15 minutes,1.0,1.030476,0.033,-0.001399555606771476,-31.26895623050822
Accessibility: number of secondary locations accessible by transit within 15 minutes,1.0,1.013675,0.03488,-0.001773219505854403,-29.112620972071515
Accessibility: number of work locations accessible by transit within 15 minutes,1.0,1.030476,0.033,-0.001399555606771476,-31.26895623050822
Sustainability: Total grams PM 2.5 Emitted,1.0,1.012,0.022,1.2906501469775022,12.665915771704647
Equity: average travel cost burden - work,1.0,0.935,0.089,1.9244897872006954,11.117862777535903
Level of service: costs and benefits,1.0,1.013603,0.151173,2.434065745765604,9.396272785256652
Equity: average travel cost burden -  secondary,1.0,1.178,0.239,2.84543031132198,6.976695863271884
Sustainability: Total grams GHGe Emissions,1.0,1.012,0.022,1.0,-0.545454545454546
Congestion: average vehicle delay per passenger trip,1.0,1.044,0.107,0.981752024441957,-0.5817567809162904
Level of service: average bus crowding experienced,1.0,0.936,0.091,0.615768484073479,-3.519027647544188
Congestion: total vehicle miles traveled,1.0,1.015,0.017,1.08664448524779,4.214381485164116
Submission Score,,,,,-9.004251632904588044444444444444444
