Component Name,Weight,Raw Score,Weighted Score
Level of service: costs and benefits,1.0,1.053762317245211,3.1792077241507037
Accessibility: Number of work locations accessible within 15 minutes,1.0,0.9353315025788664,2.676657512894332
Accessibility: Number of secondary locations accessible within 15 minutes,1.0,0.9188240568010007,2.594120284005003
Sustainability: Total PM 2.5 Emissions,1.0,1.0356033569706715,2.6780167848533574
Level of service: average trip expenditure - work,1.0,1.1212899091601913,2.0425798183203825
Level of service: average trip expenditure - secondary,1.0,0.67934504602759,1.1586900920551801
Level of service: average on-demand ride wait times,1.0,0.5824420007976671,0.5360466675529634
Congestion: total vehicle miles traveled,1.0,1.0119043426923717,8.119043426923717
Level of service: average bus crowding experienced,1.0,1.9702265880495544,1.9669184311661716
Congestion: average vehicle delay per passenger trip,1.0,0.4658480884489362,0.2814216064991817
Submission Score,,,2.989499566561691822222222222222222
