Iteration,agencyRevenue_217,agentHoursOnCrowdedTransit,averageMTWaitingTimeInSec,averageOnDemandRideWaitTimeInMin,averageTripExpenditure,averageTripExpenditure_Home,averageTripExpenditure_Secondary,averageTripExpenditure_Work,averageVehicleDelayPerMotorizedLeg_home,averageVehicleDelayPerMotorizedLeg_secondary,averageVehicleDelayPerMotorizedLeg_work,averageVehicleDelayPerPassengerTrip,busCrowding,fuelConsumedInMJ_Diesel,fuelConsumedInMJ_Food,fuelConsumedInMJ_Gasoline,motorizedVehicleMilesTraveled_BODY-TYPE-DEFAULT,motorizedVehicleMilesTraveled_BUS-DEFAULT,motorizedVehicleMilesTraveled_CAR-TYPE-DEFAULT,motorizedVehicleMilesTraveled_total,numberOfVehicles_BODY-TYPE-DEFAULT,numberOfVehicles_BUS-DEFAULT,numberOfVehicles_CAR-TYPE-DEFAULT,numberOfVehicles_siouxareametro-sd-us:1340,numberOfVehicles_siouxareametro-sd-us:1341,numberOfVehicles_siouxareametro-sd-us:1342,numberOfVehicles_siouxareametro-sd-us:1343,numberOfVehicles_siouxareametro-sd-us:1344,numberOfVehicles_siouxareametro-sd-us:1345,numberOfVehicles_siouxareametro-sd-us:1346,numberOfVehicles_siouxareametro-sd-us:1347,numberOfVehicles_siouxareametro-sd-us:1348,numberOfVehicles_siouxareametro-sd-us:1349,numberOfVehicles_siouxareametro-sd-us:1350,numberOfVehicles_siouxareametro-sd-us:1351,personTravelTime_car,personTravelTime_drive_transit,personTravelTime_mixed_mode,personTravelTime_onDemandRide,personTravelTime_walk,personTravelTime_walk_transit,tollRevenue,totalCost_bike,totalCost_car,totalCost_cav,totalCost_drive_transit,totalCost_onDemandRide,totalCost_onDemandRide_pooled,totalCost_onDemandRide_transit,totalCost_transit,totalCost_walk,totalCost_walk_transit,totalHoursOfVehicleTrafficDelay,totalIncentive_bike,totalIncentive_car,totalIncentive_cav,totalIncentive_drive_transit,totalIncentive_onDemandRide,totalIncentive_onDemandRide_pooled,totalIncentive_onDemandRide_transit,totalIncentive_transit,totalIncentive_walk,totalIncentive_walk_transit,totalToll_bike,totalToll_car,totalToll_cav,totalToll_drive_transit,totalToll_onDemandRide,totalToll_onDemandRide_pooled,totalToll_onDemandRide_transit,totalToll_transit,totalToll_walk,totalToll_walk_transit,vehicleHoursTraveled_BODY-TYPE-DEFAULT,vehicleHoursTraveled_BUS-DEFAULT,vehicleHoursTraveled_BUS-SMALL-HD,vehicleHoursTraveled_BUS-STD-ART,vehicleHoursTraveled_BUS-STD-HD,vehicleHoursTraveled_CAR-TYPE-DEFAULT,vehicleMilesTraveled_BUS-DEFAULT,vehicleMilesTraveled_BUS-SMALL-HD,vehicleMilesTraveled_BUS-STD-ART,vehicleMilesTraveled_BUS-STD-HD,vehicleMilesTraveled_CAR-TYPE-DEFAULT
0,2036.25,36.2825,336.2065306122449,5.445219298245594,0.9303723026279285,4.5731536442915685E-4,7.115172362179771E-4,3.581138187942331E-4,13.395599883386032,15.667343409961678,0.0,16.94507881694881,211.3530063291141,85628.04312686373,1045.6509291419836,369530.73716686707,12340.13388814792,2653.9704322808875,62805.52810299778,77799.6324234239,15001.0,255.0,13071.0,3.0,3.0,3.0,2.0,2.0,2.0,3.0,1.0,2.0,3.0,2.0,1.0,295914.7166666667,31747.216666666667,159787.7,28775.716666666667,50352.25,56336.316666666666,0.0,0.0,10257.188506534872,0.0,555.75,18001.344411636368,0.0,0.0,0.0,0.0,1480.5,3.6573128446581182,0.0,0.0,0.0,0.0,0.0,0.0,0.0,0.0,0.0,0.0,0.0,0.0,0.0,0.0,0.0,0.0,0.0,0.0,0.0,0.0,4295.679444444444,157.43333333333334,0.0,0.0,0.0,5237.146944444445,0.0,0.0,0.0,0.0,0.0
1,2167.5,42.19027777777778,330.47837837837835,9.06227003429992,1.0176746276255146,7.629511155281183E-4,0.0010000175493912352,5.597322592716375E-4,2013.7434833044704,1671.5549460066547,1712.5751054900788,1800.1662840866593,220.08523764557768,85628.04312686375,1092.4936992979872,376584.33440896997,12897.086342327262,2653.970432280888,64004.35909392596,79555.41586853267,15001.0,255.0,12940.0,3.0,3.0,3.0,2.0,2.0,2.0,3.0,1.0,2.0,3.0,2.0,1.0,1023750.1833333333,35723.05,187927.08333333334,46698.63333333333,63299.2,73370.55,0.0,0.0,2562.908425462277,0.0,454.5,28406.09512465228,0.0,0.0,0.0,0.0,1713.0,12375.143110715735,0.0,0.0,0.0,0.0,0.0,0.0,0.0,0.0,0.0,0.0,0.0,0.0,0.0,0.0,0.0,0.0,0.0,0.0,0.0,0.0,4492.34,157.43333333333334,0.0,0.0,0.0,18318.106944444444,0.0,0.0,0.0,0.0,0.0
2,2239.5,42.496944444444445,325.0399476096922,9.799297909685652,0.9970951249836043,7.557101285896889E-4,9.410956085603076E-4,6.267948271471637E-4,1434.7996012074932,1458.9770822483088,1375.096195001466,1422.016583822005,225.10172839506163,85628.04312686375,1092.907154364994,374642.3478193884,12907.489772738918,2653.9704322808875,63674.29861164385,79235.75881666277,15001.0,255.0,12909.0,3.0,3.0,3.0,2.0,2.0,2.0,3.0,1.0,2.0,3.0,2.0,1.0,892733.1333333333,33475.25,186224.13333333333,48350.333333333336,66770.06666666667,71709.46666666666,0.0,0.0,2446.061496085518,0.0,456.0,27780.852868505695,0.0,0.0,0.0,0.0,1783.5,10225.484251500067,0.0,0.0,0.0,0.0,0.0,0.0,0.0,0.0,0.0,0.0,0.0,0.0,0.0,0.0,0.0,0.0,0.0,0.0,0.0,0.0,4499.555555555556,157.43333333333334,0.0,0.0,0.0,16110.924166666666,0.0,0.0,0.0,0.0,0.0
3,2336.25,42.53388888888889,324.04398289554064,8.63413502109704,0.8531099217383992,7.791662581762001E-4,8.18202912807925E-4,5.990331326680355E-4,1415.473309151559,1101.4404797588334,1151.429098926341,1240.9706228228597,216.67279172821256,85628.04312686375,1097.7197767529926,379535.7991258299,13002.140905831757,2653.970432280888,64505.99070823017,80162.10204634153,15001.0,255.0,12755.0,3.0,3.0,3.0,2.0,2.0,2.0,3.0,1.0,2.0,3.0,2.0,1.0,817545.9833333333,33482.833333333336,178851.83333333334,38241.13333333333,67631.1,79188.11666666667,0.0,0.0,2457.149317424589,0.0,480.75,22984.71284429936,0.0,0.0,0.0,0.0,1855.5,8610.61255208117,0.0,0.0,0.0,0.0,0.0,0.0,0.0,0.0,0.0,0.0,0.0,0.0,0.0,0.0,0.0,0.0,0.0,0.0,0.0,0.0,4557.14,157.43333333333334,0.0,0.0,0.0,14670.9175,0.0,0.0,0.0,0.0,0.0
4,2459.25,44.1275,325.3788472299944,8.721409214092137,0.8419383206956738,0.0010978001517093258,0.0013727116731005362,7.124177591374212E-4,1330.1438512411676,977.2670692005134,961.4012997513572,1136.7023223415326,207.37741750358717,85628.04312686375,1188.1691196280078,381624.9939658133,14049.324711703843,2653.9704322808875,64861.07073821873,81564.36588220242,15001.0,255.0,12646.0,3.0,3.0,3.0,2.0,2.0,2.0,3.0,1.0,2.0,3.0,2.0,1.0,768222.7666666667,29546.733333333334,192605.0,37294.316666666666,72477.98333333334,87090.15,0.0,0.0,2519.1957009213143,0.0,442.5,22435.90795925047,0.0,0.0,0.0,0.0,2016.75,7740.627064500743,0.0,0.0,0.0,0.0,0.0,0.0,0.0,0.0,0.0,0.0,0.0,0.0,0.0,0.0,0.0,0.0,0.0,0.0,0.0,0.0,4908.508055555556,157.43333333333334,0.0,0.0,0.0,13811.12,0.0,0.0,0.0,0.0,0.0
5,2496.75,47.0425,325.94079655543595,8.746540346907983,0.7885903455246981,9.685009427675771E-4,8.73313997348382E-4,0.0012127329307399582,1221.8949165731278,885.672250436152,938.0947022217231,1032.6699360143994,213.0117073170734,85628.04312686375,1232.0176951700018,379759.21055772406,14600.366370544974,2653.9704322808875,64543.96176598753,81798.29856881312,15001.0,255.0,12546.0,3.0,3.0,3.0,2.0,2.0,2.0,3.0,1.0,2.0,3.0,2.0,1.0,722817.25,30276.1,204969.96666666667,35573.6,73390.78333333334,88831.25,0.0,0.0,2383.5983220944568,0.0,455.25,20796.153328189732,0.0,0.0,0.0,0.0,2041.5,6987.446380937432,0.0,0.0,0.0,0.0,0.0,0.0,0.0,0.0,0.0,0.0,0.0,0.0,0.0,0.0,0.0,0.0,0.0,0.0,0.0,0.0,5122.2825,157.43333333333334,0.0,0.0,0.0,13024.766944444444,0.0,0.0,0.0,0.0,0.0
6,2499.0,45.50083333333333,321.44637223974763,8.385403241554345,0.7403521553444171,7.847904189365447E-4,9.41540373929238E-4,6.29975313224205E-4,1300.6274460667598,904.7123634148919,876.4185239241086,1094.2660694883314,207.23128886376477,85628.04312686378,1212.8954721370064,384684.14510195696,14400.156944639604,2653.9704322808875,65381.00476082615,82435.13213774617,15001.0,255.0,12505.0,3.0,3.0,3.0,2.0,2.0,2.0,3.0,1.0,2.0,3.0,2.0,1.0,756235.4,29511.95,197461.7,32055.45,78100.45,89458.58333333333,0.0,0.0,2538.5960939342367,0.0,438.0,19069.01043623538,0.0,0.0,0.0,0.0,2061.0,7463.806482301659,0.0,0.0,0.0,0.0,0.0,0.0,0.0,0.0,0.0,0.0,0.0,0.0,0.0,0.0,0.0,0.0,0.0,0.0,0.0,0.0,5069.076666666667,157.43333333333334,0.0,0.0,0.0,13523.747777777779,0.0,0.0,0.0,0.0,0.0
7,2568.0,46.97944444444445,321.4247144340602,7.919616607071914,0.6985927998788022,6.444589319001868E-4,8.154318676572881E-4,9.81918551693022E-4,1291.8411891497503,818.905249367869,759.5307201330456,1042.1528840811466,200.45741360089204,85628.04312686375,1237.4168239850023,380513.62227201654,14638.089543176422,2653.9704322808875,64672.18175246833,81964.24172792527,15001.0,255.0,12474.0,3.0,3.0,3.0,2.0,2.0,2.0,3.0,1.0,2.0,3.0,2.0,1.0,704995.25,30971.2,194638.71666666667,30709.3,76387.7,95665.43333333333,0.0,0.0,2446.984939709901,0.0,482.25,17731.895217143658,0.0,0.0,0.0,0.0,2085.75,6636.197976298945,0.0,0.0,0.0,0.0,0.0,0.0,0.0,0.0,0.0,0.0,0.0,0.0,0.0,0.0,0.0,0.0,0.0,0.0,0.0,0.0,5118.380833333334,157.43333333333334,0.0,0.0,0.0,12670.313333333334,0.0,0.0,0.0,0.0,0.0
8,2527.5,45.88861111111111,322.70567729083666,8.485380658436197,0.7260003510482972,0.0011760919932987074,8.790342253019668E-4,9.931721842977121E-4,1172.1813998075515,973.6286743812445,875.2451042199643,1062.4455725483415,214.8234388366128,85628.04312686375,1313.1229717310143,382431.03716259374,15527.863378195163,2653.970432280888,64998.066023202184,83179.89983367824,15001.0,255.0,12400.0,3.0,3.0,3.0,2.0,2.0,2.0,3.0,1.0,2.0,3.0,2.0,1.0,739551.3166666667,30059.25,215692.76666666666,32057.566666666666,79143.56666666667,91612.71666666666,0.0,0.0,2507.9080214505334,0.0,438.75,18603.889409033047,0.0,0.0,0.0,0.0,2088.75,7178.295461414808,0.0,0.0,0.0,0.0,0.0,0.0,0.0,0.0,0.0,0.0,0.0,0.0,0.0,0.0,0.0,0.0,0.0,0.0,0.0,0.0,5425.773888888889,157.43333333333334,0.0,0.0,0.0,13240.814166666667,0.0,0.0,0.0,0.0,0.0
9,2616.75,45.94777777777778,323.00252652854977,7.594962453066343,0.643438716803631,8.62221207153533E-4,7.905702720446938E-4,6.618940147059907E-4,1099.860613048283,715.6717883292049,767.2768147132517,907.7977574523,207.26831241283168,85628.04312686375,1232.7233811069937,381591.1145438835,14559.64935234382,2653.970432280888,64855.3125839672,82068.93236859165,15001.0,255.0,12409.0,3.0,3.0,3.0,2.0,2.0,2.0,3.0,1.0,2.0,3.0,2.0,1.0,666418.7666666667,28792.633333333335,192327.68333333332,27145.766666666666,74208.58333333333,95802.53333333334,0.0,0.0,2387.7514335901856,0.0,435.75,15946.506624252936,0.0,0.0,0.0,0.0,2181.0,5854.539037436125,0.0,0.0,0.0,0.0,0.0,0.0,0.0,0.0,0.0,0.0,0.0,0.0,0.0,0.0,0.0,0.0,0.0,0.0,0.0,0.0,5076.078611111111,157.43333333333334,0.0,0.0,0.0,11902.858055555556,0.0,0.0,0.0,0.0,0.0
10,2557.5,46.3975,321.14693088448524,8.23381770145307,0.6581597179814533,0.001155648212330353,0.0016283322488027262,0.0010958015958487982,1107.6983612396898,792.8482575491302,743.9461408482503,944.1159850165461,210.29548494983345,85628.04312686375,1302.51798840601,380189.9727891129,15438.02821176059,2653.9704322808875,64617.174212771206,82709.17285681183,15001.0,255.0,12323.0,3.0,3.0,3.0,2.0,2.0,2.0,3.0,1.0,2.0,3.0,2.0,1.0,692763.15,27268.933333333334,207352.66666666666,28685.583333333332,84469.93333333333,95917.63333333333,0.0,0.0,2361.4043286268634,0.0,406.5,16511.434248567082,0.0,0.0,0.0,0.0,2151.0,6360.719194608697,0.0,0.0,0.0,0.0,0.0,0.0,0.0,0.0,0.0,0.0,0.0,0.0,0.0,0.0,0.0,0.0,0.0,0.0,0.0,0.0,5417.406388888889,157.43333333333334,0.0,0.0,0.0,12377.006944444445,0.0,0.0,0.0,0.0,0.0
11,2631.0,46.19972222222222,321.7978515625,7.962807827616524,0.6094138784667514,7.454232313860265E-4,7.986346592364206E-4,5.599356107082786E-4,926.1142867689596,821.0293230225774,861.2258866767841,868.4691596578563,201.74310107408462,85628.04312686378,1279.5468386460113,379274.6917688977,15106.57708714588,2653.970432280888,64461.61284248254,82222.16036190932,15001.0,255.0,12329.0,3.0,3.0,3.0,2.0,2.0,2.0,3.0,1.0,2.0,3.0,2.0,1.0,629977.2333333333,28767.816666666666,199142.13333333333,25790.933333333334,78911.86666666667,95117.83333333333,0.0,0.0,2328.6071081196405,0.0,439.5,14883.51818863623,0.0,0.0,0.0,0.0,2191.5,5287.770975150153,0.0,0.0,0.0,0.0,0.0,0.0,0.0,0.0,0.0,0.0,0.0,0.0,0.0,0.0,0.0,0.0,0.0,0.0,0.0,0.0,5262.731666666667,157.43333333333334,0.0,0.0,0.0,11265.109722222222,0.0,0.0,0.0,0.0,0.0
12,2544.0,47.64416666666666,322.051368218915,8.963506944444443,0.6548601017460484,7.331980219003691E-4,0.0010078249956654312,5.322605093324355E-4,1240.9040743072828,927.3885574819853,859.316896064057,1075.06095849852,209.816069918241,85628.04312686375,1329.9913598530138,376841.5969581747,15761.426350244681,2653.9704322808875,64048.08349527936,82463.48027780518,15001.0,255.0,12309.0,3.0,3.0,3.0,2.0,2.0,2.0,3.0,1.0,2.0,3.0,2.0,1.0,766523.1333333333,28139.383333333335,213752.35,27891.133333333335,87686.55,91753.38333333333,0.0,0.0,2260.140115689272,0.0,415.5,16518.759657263676,0.0,0.0,0.0,0.0,2128.5,7541.25399582309,0.0,0.0,0.0,0.0,0.0,0.0,0.0,0.0,0.0,0.0,0.0,0.0,0.0,0.0,0.0,0.0,0.0,0.0,0.0,0.0,5529.495833333333,157.43333333333334,0.0,0.0,0.0,13600.870555555555,0.0,0.0,0.0,0.0,0.0
13,2634.75,46.68694444444444,323.8640038040894,7.548781059540528,0.5712567222108716,9.859877180559016E-4,0.0013198648915830633,6.083144129216935E-4,822.6118407826857,691.3116015581658,768.615283689014,753.7074057876779,199.14238749663187,85628.04312686375,1288.3533501280142,379352.5344088155,15266.416150357774,2653.970432280888,64474.842995260806,82395.22957789956,15001.0,255.0,12242.0,3.0,3.0,3.0,2.0,2.0,2.0,3.0,1.0,2.0,3.0,2.0,1.0,600021.8666666667,27652.066666666666,201832.7,22743.566666666666,82614.21666666667,96931.71666666666,0.0,0.0,2389.024011751694,0.0,430.5,13576.916120156451,0.0,0.0,0.0,0.0,2204.25,4753.381372500955,0.0,0.0,0.0,0.0,0.0,0.0,0.0,0.0,0.0,0.0,0.0,0.0,0.0,0.0,0.0,0.0,0.0,0.0,0.0,0.0,5354.886111111111,157.43333333333334,0.0,0.0,0.0,10723.142777777777,0.0,0.0,0.0,0.0,0.0
14,2682.75,47.463055555555556,322.7077431539188,7.921215326751302,0.6169806717974573,8.037726841520734E-4,8.81930191942311E-4,6.107968128215899E-4,1079.091582025302,810.093456344933,763.4224214990319,935.49428542233,201.73220247711384,85628.04312686375,1320.2515797450133,380446.20627136016,15584.115553663609,2653.9704322808875,64660.723713668915,82898.80969961199,15001.0,255.0,12256.0,3.0,3.0,3.0,2.0,2.0,2.0,3.0,1.0,2.0,3.0,2.0,1.0,682450.3666666667,29445.333333333332,204886.55,25930.266666666666,80587.21666666667,100261.01666666666,0.0,0.0,2382.677472607234,0.0,429.75,15024.080181789883,0.0,0.0,0.0,0.0,2253.0,6146.717174272165,0.0,0.0,0.0,0.0,0.0,0.0,0.0,0.0,0.0,0.0,0.0,0.0,0.0,0.0,0.0,0.0,0.0,0.0,0.0,0.0,5427.2461111111115,157.43333333333334,0.0,0.0,0.0,12161.88388888889,0.0,0.0,0.0,0.0,0.0
15,2599.5,46.38777777777778,324.8693630869363,8.040979820082642,0.6161545445734652,9.038271064863103E-4,8.371519365246375E-4,8.757961718972541E-4,939.0890570175526,752.4978389192574,712.0460928722051,838.4437210325946,207.0652427184469,85628.04312686378,1330.7254837350206,378782.4716837957,15729.7428537088,2653.9704322808875,64377.95500491166,82761.66829090133,15001.0,255.0,12226.0,3.0,3.0,3.0,2.0,2.0,2.0,3.0,1.0,2.0,3.0,2.0,1.0,637773.2666666667,26135.033333333333,206937.36666666667,24577.516666666666,88102.78333333334,97481.9,0.0,0.0,2270.6774539261564,0.0,438.0,15192.430671930448,0.0,0.0,0.0,0.0,2161.5,5368.834627012047,0.0,0.0,0.0,0.0,0.0,0.0,0.0,0.0,0.0,0.0,0.0,0.0,0.0,0.0,0.0,0.0,0.0,0.0,0.0,0.0,5492.188055555555,157.43333333333334,0.0,0.0,0.0,11384.121944444445,0.0,0.0,0.0,0.0,0.0
16,2589.75,45.89888888888889,322.7935393258427,7.498592085235933,0.5499936547707021,0.0010505327302331217,9.184816132453441E-4,0.0010575109701121729,1165.6549637177038,735.546297190664,759.5654219777578,954.8672702680319,205.80901864035138,85628.04312686375,1342.226647028012,380870.05299722357,15863.389812833968,2653.970432280888,64732.760799559175,83250.12104467314,15001.0,255.0,12261.0,3.0,3.0,3.0,2.0,2.0,2.0,3.0,1.0,2.0,3.0,2.0,1.0,693987.8,28010.433333333334,214296.75,21964.55,81177.95,97215.75,0.0,0.0,2471.2017786489914,0.0,419.25,12847.391614339747,0.0,0.0,0.0,0.0,2170.5,6231.56990213254,0.0,0.0,0.0,0.0,0.0,0.0,0.0,0.0,0.0,0.0,0.0,0.0,0.0,0.0,0.0,0.0,0.0,0.0,0.0,0.0,5537.3966666666665,157.43333333333334,0.0,0.0,0.0,12270.943333333333,0.0,0.0,0.0,0.0,0.0
17,2661.0,46.07833333333333,325.03431151241534,7.913620604259532,0.5724430696176727,7.435673507504628E-4,8.808387361739051E-4,6.574380584075278E-4,993.2996300865212,815.6583074135696,783.4674555774473,899.9938631590833,207.95328983143057,85628.04312686375,1366.3934189120248,379049.8453721635,16172.503880634205,2653.9704322808875,64423.39789777481,83249.8722106899,15001.0,255.0,12143.0,3.0,3.0,3.0,2.0,2.0,2.0,3.0,1.0,2.0,3.0,2.0,1.0,657978.0,27179.816666666666,216102.35,23801.2,87168.55,100307.86666666667,0.0,0.0,2346.9223221810016,0.0,419.25,13631.396467639936,0.0,0.0,0.0,0.0,2241.75,5717.7110123087205,0.0,0.0,0.0,0.0,0.0,0.0,0.0,0.0,0.0,0.0,0.0,0.0,0.0,0.0,0.0,0.0,0.0,0.0,0.0,0.0,5660.701388888889,157.43333333333334,0.0,0.0,0.0,11724.514722222222,0.0,0.0,0.0,0.0,0.0
18,2690.25,48.56194444444444,323.77514528386234,8.30571246819335,0.5823781382675687,7.562489716685898E-4,0.0016448277993725876,9.629952535639303E-4,1202.4799857689818,823.7976695236603,743.7186427624569,1004.0458161705984,206.75001349527716,85628.04312686375,1382.0982788480144,380969.83589334297,16374.841016722976,2653.970432280888,64749.71992327138,83778.53137227455,15001.0,255.0,12128.0,3.0,3.0,3.0,2.0,2.0,2.0,3.0,1.0,2.0,3.0,2.0,1.0,720551.9833333333,27616.116666666665,221039.55,24038.833333333332,87498.95,100523.91666666667,0.0,0.0,2459.6982775388474,0.0,414.0,13812.866282591407,0.0,0.0,0.0,0.0,2276.25,6734.6373119642885,0.0,0.0,0.0,0.0,0.0,0.0,0.0,0.0,0.0,0.0,0.0,0.0,0.0,0.0,0.0,0.0,0.0,0.0,0.0,0.0,5742.162222222222,157.43333333333334,0.0,0.0,0.0,12774.015833333333,0.0,0.0,0.0,0.0,0.0
19,2627.25,49.61972222222222,327.22168780061213,8.154577913797505,0.5700333077940091,8.038742774623434E-4,0.0010144438948698012,6.290822131331901E-4,1055.5893345150116,862.9504088453307,781.5245760146129,954.8453399455983,206.70365347356818,85628.04312686375,1429.9215959090077,379622.37301373185,16942.15342769227,2653.970432280888,64520.704825902154,84116.82868587512,15001.0,255.0,12109.0,3.0,3.0,3.0,2.0,2.0,2.0,3.0,1.0,2.0,3.0,2.0,1.0,690731.0666666667,26261.333333333332,226014.5,23273.266666666666,92984.58333333333,101567.06666666667,0.0,0.0,2336.8946579738927,0.0,356.25,13596.709877106905,0.0,0.0,0.0,0.0,2271.0,6212.329875612723,0.0,0.0,0.0,0.0,0.0,0.0,0.0,0.0,0.0,0.0,0.0,0.0,0.0,0.0,0.0,0.0,0.0,0.0,0.0,0.0,5941.453055555556,157.43333333333334,0.0,0.0,0.0,12208.541944444445,0.0,0.0,0.0,0.0,0.0
20,2754.75,47.27333333333333,321.2073170731707,7.571027527936766,0.5109016250694074,7.716159210456011E-4,8.508454855449552E-4,6.611611559122454E-4,951.7095483504504,683.2307048732112,717.7997972851178,815.1239431156677,199.62949430765184,85628.04312686375,1380.182991613009,378558.4471001876,16294.371346702694,2653.970432280888,64339.879735747694,83288.22151473058,15001.0,255.0,12081.0,3.0,3.0,3.0,2.0,2.0,2.0,3.0,1.0,2.0,3.0,2.0,1.0,629619.7666666667,29270.9,214420.45,19917.95,85428.7,101748.16666666667,0.0,0.0,2309.659480992658,0.0,448.5,11571.058332892186,0.0,0.0,0.0,0.0,2306.25,5186.6789347085,0.0,0.0,0.0,0.0,0.0,0.0,0.0,0.0,0.0,0.0,0.0,0.0,0.0,0.0,0.0,0.0,0.0,0.0,0.0,0.0,5676.395277777778,157.43333333333334,0.0,0.0,0.0,11174.11611111111,0.0,0.0,0.0,0.0,0.0
21,2685.0,47.11222222222222,322.7285147642133,7.410616061606167,0.5171189453111489,7.974629803444503E-4,0.0015513404720890285,7.543407067672351E-4,1008.2479213374676,707.3335833793426,740.9324318881543,850.0164345058298,205.05155144257,85628.04312686375,1374.9875074540164,377355.10357004154,16292.598111666695,2653.9704322808875,64135.359195780045,83081.92773972766,15001.0,255.0,12107.0,3.0,3.0,3.0,2.0,2.0,2.0,3.0,1.0,2.0,3.0,2.0,1.0,644319.8666666667,25901.733333333334,212820.03333333333,19968.2,92808.3,102023.31666666667,0.0,0.0,2367.9813390687564,0.0,411.0,11784.928639207501,0.0,0.0,0.0,0.0,2274.0,5434.20228893102,0.0,0.0,0.0,0.0,0.0,0.0,0.0,0.0,0.0,0.0,0.0,0.0,0.0,0.0,0.0,0.0,0.0,0.0,0.0,0.0,5714.575555555555,157.43333333333334,0.0,0.0,0.0,11430.245555555555,0.0,0.0,0.0,0.0,0.0
22,2742.0,47.68472222222222,320.25220070422534,7.2938063063063,0.47976725318416047,8.561414060805294E-4,9.920556145584616E-4,5.780472301113361E-4,923.1454347717657,677.8914630199579,752.3253999703786,796.18519487514,199.56982826948487,85628.04312686378,1393.385564457009,376697.84316649556,16392.421590587935,2653.9704322808875,64023.651068163046,83070.04309103181,15001.0,255.0,12093.0,3.0,3.0,3.0,2.0,2.0,2.0,3.0,1.0,2.0,3.0,2.0,1.0,611939.4666666667,27169.9,221141.43333333332,18189.183333333334,78565.23333333334,104525.58333333333,0.0,0.0,2328.943273506404,0.0,415.5,10550.758257423016,0.0,0.0,0.0,0.0,2326.5,4884.375008004852,0.0,0.0,0.0,0.0,0.0,0.0,0.0,0.0,0.0,0.0,0.0,0.0,0.0,0.0,0.0,0.0,0.0,0.0,0.0,0.0,5672.875277777778,157.43333333333334,0.0,0.0,0.0,10828.3125,0.0,0.0,0.0,0.0,0.0
23,2773.5,48.36694444444444,322.2534398579672,7.135950413223138,0.5049678969210415,6.970254957736982E-4,0.0011371530154087167,6.297766143431213E-4,788.8002783275834,706.4492288357587,724.614380002179,745.8091714258449,204.7706507304118,85628.04312686375,1359.0027828200123,380193.5284270781,16106.486994092422,2653.9704322808875,64617.77852980861,83378.2359561822,15001.0,255.0,12114.0,3.0,3.0,3.0,2.0,2.0,2.0,3.0,1.0,2.0,3.0,2.0,1.0,598494.25,26467.416666666668,212826.18333333332,19427.1,85298.01666666666,106458.93333333333,0.0,0.0,2418.0637731854918,0.0,441.75,11250.695918460511,0.0,0.0,0.0,0.0,2331.75,4650.120183840143,0.0,0.0,0.0,0.0,0.0,0.0,0.0,0.0,0.0,0.0,0.0,0.0,0.0,0.0,0.0,0.0,0.0,0.0,0.0,0.0,5651.492222222222,157.43333333333334,0.0,0.0,0.0,10642.732777777777,0.0,0.0,0.0,0.0,0.0
24,2735.25,47.201388888888886,321.1361025187804,7.427777777777793,0.5056935977313505,9.312107937923188E-4,9.05818324318709E-4,6.213741714173885E-4,1037.323593010881,738.4329639878928,736.1621786442278,881.9033518985831,203.28325320512883,85628.04312686375,1361.5327306120098,378913.1260881663,16086.179224252026,2653.970432280888,64400.16105718272,83140.31071371569,15001.0,255.0,12093.0,3.0,3.0,3.0,2.0,2.0,2.0,3.0,1.0,2.0,3.0,2.0,1.0,649430.2,29911.2,213036.25,19350.183333333334,84473.1,101074.93333333333,0.0,0.0,2397.9207318517783,0.0,441.0,11332.212810281,0.0,0.0,0.0,0.0,2294.25,5517.040385585553,0.0,0.0,0.0,0.0,0.0,0.0,0.0,0.0,0.0,0.0,0.0,0.0,0.0,0.0,0.0,0.0,0.0,0.0,0.0,0.0,5611.642777777778,157.43333333333334,0.0,0.0,0.0,11527.711388888889,0.0,0.0,0.0,0.0,0.0
25,2751.0,48.06611111111111,322.3663278833407,7.205925617540939,0.492702659374271,7.211859700511931E-4,8.179279410415824E-4,9.137136149523664E-4,755.6660059612059,614.9318417643993,679.1248116161229,680.980193465453,201.5316631130068,85628.04312686375,1332.587956417004,377278.75398117147,15753.02481365364,2653.970432280888,64122.38280229855,82529.37804823321,15001.0,255.0,12076.0,3.0,3.0,3.0,2.0,2.0,2.0,3.0,1.0,2.0,3.0,2.0,1.0,560585.5666666667,22874.266666666666,205186.53333333333,18236.6,85932.95,105896.26666666666,0.0,0.0,2317.8189079783833,0.0,381.75,10974.07238390728,0.0,0.0,0.0,0.0,2369.25,4028.3761666778573,0.0,0.0,0.0,0.0,0.0,0.0,0.0,0.0,0.0,0.0,0.0,0.0,0.0,0.0,0.0,0.0,0.0,0.0,0.0,0.0,5501.260555555556,157.43333333333334,0.0,0.0,0.0,9968.371944444445,0.0,0.0,0.0,0.0,0.0
26,2769.75,47.10638888888889,324.17584839136185,7.0404583333333415,0.5026134581011148,7.677229592994094E-4,8.593531933408364E-4,6.454982529682573E-4,999.2724469576464,792.1910300901411,792.2688771033534,897.8272417050841,204.65369928400997,85628.04312686375,1369.2331755540156,380254.74603537645,16163.635071638048,2653.970432280888,64628.18308843249,83445.78859235196,15001.0,255.0,12070.0,3.0,3.0,3.0,2.0,2.0,2.0,3.0,1.0,2.0,3.0,2.0,1.0,658941.55,25284.35,213480.41666666666,18942.316666666666,85590.43333333333,104780.91666666667,0.0,0.0,2463.3313218945787,0.0,417.75,11132.51548733587,0.0,0.0,0.0,0.0,2352.0,5669.779031367606,0.0,0.0,0.0,0.0,0.0,0.0,0.0,0.0,0.0,0.0,0.0,0.0,0.0,0.0,0.0,0.0,0.0,0.0,0.0,0.0,5629.876111111111,157.43333333333334,0.0,0.0,0.0,11656.36638888889,0.0,0.0,0.0,0.0,0.0
27,2816.25,47.268055555555556,321.01287001287,6.8516315049226355,0.47574302435917265,7.345143305742925E-4,8.262711113401112E-4,0.0010249935306442116,797.609901324488,653.2050447518496,742.2576784785831,724.9192375989832,199.4261835493257,85628.04312686375,1367.076236462005,374481.2259108337,16146.585524190046,2653.970432280888,63646.91429543651,82447.47025190674,15001.0,255.0,12007.0,3.0,3.0,3.0,2.0,2.0,2.0,3.0,1.0,2.0,3.0,2.0,1.0,574548.2666666667,23081.6,206875.48333333334,17842.183333333334,89098.63333333333,107126.38333333333,0.0,0.0,2225.0777678062695,0.0,368.25,10449.340848352755,0.0,0.0,0.0,0.0,2448.0,4287.29319103332,0.0,0.0,0.0,0.0,0.0,0.0,0.0,0.0,0.0,0.0,0.0,0.0,0.0,0.0,0.0,0.0,0.0,0.0,0.0,0.0,5629.381944444444,157.43333333333334,0.0,0.0,0.0,10179.3625,0.0,0.0,0.0,0.0,0.0
28,2737.5,49.144444444444446,319.49220396123053,8.172186445875521,0.5458094895373583,7.446002609683288E-4,9.85042186415152E-4,7.965647514675314E-4,1179.0971807830053,901.5338165677957,774.1055842927603,1027.6300540492794,205.06279320571622,85628.04312686375,1453.1384876949987,378981.3033113803,17203.605620443886,2653.9704322808875,64411.748473542335,84269.32452626672,15001.0,255.0,12012.0,3.0,3.0,3.0,2.0,2.0,2.0,3.0,1.0,2.0,3.0,2.0,1.0,718826.6333333333,25429.383333333335,234042.48333333334,20899.9,92007.55,107135.95,0.0,0.0,2378.700410258446,0.0,366.0,12655.902378567464,0.0,0.0,0.0,0.0,2371.5,6662.182730960037,0.0,0.0,0.0,0.0,0.0,0.0,0.0,0.0,0.0,0.0,0.0,0.0,0.0,0.0,0.0,0.0,0.0,0.0,0.0,0.0,6024.404444444444,157.43333333333334,0.0,0.0,0.0,12703.678055555556,0.0,0.0,0.0,0.0,0.0
29,2758.5,48.43416666666667,320.7959096719216,7.626594464500592,0.47914516562827997,7.197353021730605E-4,8.207439431977256E-4,5.667289908735278E-4,977.3516277315223,719.5977420983137,736.6726780527146,847.2540635413567,197.3131466666667,85628.04312686378,1401.4563380480047,380929.26201375097,16553.66110745987,2653.9704322808875,64742.82397747167,83950.45551721101,15001.0,255.0,11985.0,3.0,3.0,3.0,2.0,2.0,2.0,3.0,1.0,2.0,3.0,2.0,1.0,634980.05,24148.933333333334,219937.5,17860.766666666666,87292.26666666666,106262.5,0.0,0.0,2389.895430268841,0.0,389.25,10453.050307753654,0.0,0.0,0.0,0.0,2369.25,5224.498043487382,0.0,0.0,0.0,0.0,0.0,0.0,0.0,0.0,0.0,0.0,0.0,0.0,0.0,0.0,0.0,0.0,0.0,0.0,0.0,0.0,5772.0616666666665,157.43333333333334,0.0,0.0,0.0,11228.595555555556,0.0,0.0,0.0,0.0,0.0
30,2760.75,46.2925,319.63437633947706,7.354151570048289,0.45971788928197066,6.789023958514571E-4,0.0013409041110100002,6.084634344111514E-4,944.7883514833953,689.3259894053446,771.9118011892972,816.7725038401215,198.04501709176972,85628.04312686375,1359.970855221003,383389.2059248112,16130.007083783254,2653.9704322808875,65160.91660387348,83944.89411993725,15001.0,255.0,12005.0,3.0,3.0,3.0,2.0,2.0,2.0,3.0,1.0,2.0,3.0,2.0,1.0,625134.05,26996.1,205116.28333333333,16624.166666666668,90312.53333333334,105449.93333333333,0.0,0.0,2433.909143819401,0.0,424.5,9774.215049090812,0.0,0.0,0.0,0.0,2336.25,5028.142286140215,0.0,0.0,0.0,0.0,0.0,0.0,0.0,0.0,0.0,0.0,0.0,0.0,0.0,0.0,0.0,0.0,0.0,0.0,0.0,0.0,5667.491666666667,157.43333333333334,0.0,0.0,0.0,11031.278333333334,0.0,0.0,0.0,0.0,0.0
31,2673.0,48.27611111111111,320.6798319327731,8.216493383742932,0.48271404578757904,7.782912235164633E-4,8.138427768654039E-4,6.337790969844079E-4,1015.909530928859,732.198511771971,700.5387405423754,864.2990394923738,200.26709677419365,85628.04312686375,1409.0996319769952,378251.7558658805,16650.144329466835,2653.9704322808875,64287.75442384027,83591.86918558851,15001.0,255.0,11968.0,3.0,3.0,3.0,2.0,2.0,2.0,3.0,1.0,2.0,3.0,2.0,1.0,646104.5666666667,23741.216666666667,215907.8,18231.966666666667,94992.65,104853.45,0.0,0.0,2333.1507022991545,0.0,382.5,10711.501342590263,0.0,0.0,0.0,0.0,2290.5,5434.280210808301,0.0,0.0,0.0,0.0,0.0,0.0,0.0,0.0,0.0,0.0,0.0,0.0,0.0,0.0,0.0,0.0,0.0,0.0,0.0,0.0,5809.620555555555,157.43333333333334,0.0,0.0,0.0,11415.591944444444,0.0,0.0,0.0,0.0,0.0
32,2779.5,47.005,320.410460251046,7.329558869214039,0.44689266106665315,8.099945843274334E-4,9.377519990007392E-4,5.133973722117311E-4,931.4912408208866,693.1373496613137,719.6333793609857,804.6306251559793,201.7420702501332,85628.04312686373,1404.709708439004,375949.23085283977,16566.212868661773,2653.9704322808875,63896.416749135074,83116.60005007808,15001.0,255.0,11953.0,3.0,3.0,3.0,2.0,2.0,2.0,3.0,1.0,2.0,3.0,2.0,1.0,615520.4,24660.35,210773.43333333332,16399.666666666668,91190.05,109283.5,0.0,0.0,2285.920471656651,0.0,381.0,9485.851465334574,0.0,0.0,0.0,0.0,2398.5,4912.940492098217,0.0,0.0,0.0,0.0,0.0,0.0,0.0,0.0,0.0,0.0,0.0,0.0,0.0,0.0,0.0,0.0,0.0,0.0,0.0,0.0,5759.533888888889,157.43333333333334,0.0,0.0,0.0,10854.68638888889,0.0,0.0,0.0,0.0,0.0
33,2736.75,47.41138888888889,321.45025510204084,6.834533965244866,0.4458862793579686,6.880316702759328E-4,0.0012760266961358128,5.396314010882907E-4,789.439876204915,609.3893353187588,658.2799814245835,697.3883155565386,199.40352598091215,85628.04312686375,1376.9512942470044,378636.7309986041,16294.856489814421,2653.9704322808875,64353.184884921175,83302.01180701594,15001.0,255.0,11988.0,3.0,3.0,3.0,2.0,2.0,2.0,3.0,1.0,2.0,3.0,2.0,1.0,573436.2166666667,24104.916666666668,207184.58333333334,15618.083333333334,89332.11666666667,108190.88333333333,0.0,0.0,2410.8702820366916,0.0,384.75,9370.882860138156,0.0,0.0,0.0,0.0,2352.0,4183.9424553861445,0.0,0.0,0.0,0.0,0.0,0.0,0.0,0.0,0.0,0.0,0.0,0.0,0.0,0.0,0.0,0.0,0.0,0.0,0.0,0.0,5701.762222222223,157.43333333333334,0.0,0.0,0.0,10119.97138888889,0.0,0.0,0.0,0.0,0.0
34,2773.5,45.89527777777778,321.2823070251518,6.976143790849677,0.46416401205763724,6.509559802916924E-4,7.56686665848518E-4,5.741030481406196E-4,909.9713609827695,629.0720075433231,711.4431692986692,761.5471568304191,195.07152996845457,85628.04312686375,1334.0531383430073,379451.826284882,15746.715359110898,2653.9704322808875,64491.71866509247,82892.40445648383,15001.0,255.0,12042.0,3.0,3.0,3.0,2.0,2.0,2.0,3.0,1.0,2.0,3.0,2.0,1.0,591895.9666666667,25255.166666666668,199179.18333333332,17176.816666666666,86113.95,105620.58333333333,0.0,0.0,2284.3189774780235,0.0,408.75,10055.825419130619,0.0,0.0,0.0,0.0,2364.75,4500.955237744674,0.0,0.0,0.0,0.0,0.0,0.0,0.0,0.0,0.0,0.0,0.0,0.0,0.0,0.0,0.0,0.0,0.0,0.0,0.0,0.0,5483.581111111111,157.43333333333334,0.0,0.0,0.0,10470.150277777779,0.0,0.0,0.0,0.0,0.0
35,2743.5,49.06611111111111,319.2137561779242,6.979249762583082,0.46532281864267755,7.878660791057185E-4,8.684629643474326E-4,5.714457895167564E-4,1072.9793639656502,908.5765751867201,850.1570631597356,988.3246757885624,202.96805778491196,85628.04312686375,1429.4866372580175,377755.23807027115,16851.937314989926,2653.9704322808875,64203.36614641199,83709.27389368194,15001.0,255.0,11930.0,3.0,3.0,3.0,2.0,2.0,2.0,3.0,1.0,2.0,3.0,2.0,1.0,700054.6833333333,28198.1,226286.78333333333,17108.2,85540.28333333334,104871.2,0.0,0.0,2355.2269954025633,0.0,442.5,10052.649302421632,0.0,0.0,0.0,0.0,2301.0,6321.159905564347,0.0,0.0,0.0,0.0,0.0,0.0,0.0,0.0,0.0,0.0,0.0,0.0,0.0,0.0,0.0,0.0,0.0,0.0,0.0,0.0,5854.706944444444,157.43333333333334,0.0,0.0,0.0,12300.963333333333,0.0,0.0,0.0,0.0,0.0
36,2730.0,47.3525,322.3584677419355,7.398977695167281,0.4600393188148712,7.805873809429898E-4,8.674874696494721E-4,7.062953532239074E-4,948.1364696048996,908.4301157272154,834.3409329444545,926.4439148424216,201.47849318728296,85628.04312686375,1478.1070926040013,377095.71076170815,17451.0242211806,2653.9704322808875,64091.27273510263,84196.26738856424,15001.0,255.0,11886.0,3.0,3.0,3.0,2.0,2.0,2.0,3.0,1.0,2.0,3.0,2.0,1.0,678095.7833333333,26401.8,234864.23333333334,16880.15,90703.96666666667,105025.58333333333,0.0,0.0,2351.27561218199,0.0,401.25,9898.064647749014,0.0,0.0,0.0,0.0,2328.75,5998.981694136581,0.0,0.0,0.0,0.0,0.0,0.0,0.0,0.0,0.0,0.0,0.0,0.0,0.0,0.0,0.0,0.0,0.0,0.0,0.0,0.0,6079.662777777778,157.43333333333334,0.0,0.0,0.0,11934.192777777778,0.0,0.0,0.0,0.0,0.0
37,2796.0,47.73166666666667,318.79339853300735,7.493177655677658,0.4602354809230363,6.408797679478856E-4,8.492336697774838E-4,7.243505391738717E-4,874.2870826917398,703.6568696346413,788.6535005625386,786.3165316459293,199.5743630573253,85628.04312686375,1430.271519876,379077.09957336285,16958.717777588856,2653.9704322808875,64428.030028007604,84040.71823787788,15001.0,255.0,11900.0,3.0,3.0,3.0,2.0,2.0,2.0,3.0,1.0,2.0,3.0,2.0,1.0,600322.2666666667,22494.883333333335,220072.18333333332,16520.666666666668,95664.26666666666,109143.06666666667,0.0,0.0,2401.0465429830924,0.0,373.5,9788.680951351878,0.0,0.0,0.0,0.0,2422.5,4670.50177671803,0.0,0.0,0.0,0.0,0.0,0.0,0.0,0.0,0.0,0.0,0.0,0.0,0.0,0.0,0.0,0.0,0.0,0.0,0.0,0.0,5955.364166666666,157.43333333333334,0.0,0.0,0.0,10589.552222222223,0.0,0.0,0.0,0.0,0.0
38,2787.75,47.42194444444444,319.04204829308907,7.3003271028037195,0.4443836795235931,7.548380286938199E-4,8.840772164340237E-4,6.700322605207565E-4,839.0925522151587,679.1757150192134,756.008642690663,756.8513679233765,200.25385627796814,85628.04312686375,1398.300385896992,379122.9135763917,16509.834167576977,2653.9704322808875,64435.81658637868,83599.62118623652,15001.0,255.0,11937.0,3.0,3.0,3.0,2.0,2.0,2.0,3.0,1.0,2.0,3.0,2.0,1.0,594333.05,24493.216666666667,209837.8,15918.8,90638.51666666666,110233.96666666666,0.0,0.0,2319.950604441347,0.0,377.25,9361.87638452641,0.0,0.0,0.0,0.0,2410.5,4556.665707880907,0.0,0.0,0.0,0.0,0.0,0.0,0.0,0.0,0.0,0.0,0.0,0.0,0.0,0.0,0.0,0.0,0.0,0.0,0.0,0.0,5752.536666666667,157.43333333333334,0.0,0.0,0.0,10500.695,0.0,0.0,0.0,0.0,0.0
39,2838.0,48.172222222222224,320.01416076634735,6.610635964912279,0.4425175506234983,8.116323502531933E-4,0.0013050251568194895,6.210789305584583E-4,959.4044780996876,677.3408954557271,717.8696526578765,817.8674590578814,193.5354058272635,85628.04312686375,1397.1655571580088,377164.35397979687,16539.135765082523,2653.9704322808875,64102.939352054615,83296.0455494183,15001.0,255.0,11933.0,3.0,3.0,3.0,2.0,2.0,2.0,3.0,1.0,2.0,3.0,2.0,1.0,615336.7333333333,24191.36666666667,216361.9,15720.416666666666,86487.21666666667,110567.71666666666,0.0,0.0,2299.415460897836,0.0,375.0,9271.39850495392,0.0,0.0,0.0,0.0,2463.0,4913.338760290222,0.0,0.0,0.0,0.0,0.0,0.0,0.0,0.0,0.0,0.0,0.0,0.0,0.0,0.0,0.0,0.0,0.0,0.0,0.0,0.0,5790.5675,157.43333333333334,0.0,0.0,0.0,10840.603055555555,0.0,0.0,0.0,0.0,0.0
40,2733.0,49.76277777777778,318.83908523908525,7.147186147186136,0.4564543130201102,6.986143301081346E-4,8.79603520163568E-4,6.391997210808658E-4,863.4964700589903,664.9043019587886,695.918763860913,760.1134433913425,198.07785695434166,85628.04312686375,1411.8058464269886,377756.4122869608,16683.602492956095,2653.9704322808875,64203.56571654732,83541.13864178413,15001.0,255.0,11924.0,3.0,3.0,3.0,2.0,2.0,2.0,3.0,1.0,2.0,3.0,2.0,1.0,592742.0333333333,25541.983333333334,214071.06666666668,16572.5,90076.41666666667,108898.55,0.0,0.0,2385.7429368165253,0.0,381.0,9743.865949431194,0.0,0.0,0.0,0.0,2352.0,4554.97980952262,0.0,0.0,0.0,0.0,0.0,0.0,0.0,0.0,0.0,0.0,0.0,0.0,0.0,0.0,0.0,0.0,0.0,0.0,0.0,0.0,5822.352777777778,157.43333333333334,0.0,0.0,0.0,10474.593055555555,0.0,0.0,0.0,0.0,0.0
41,2784.75,47.31111111111111,319.2319736299959,7.0532692307692315,0.44132975533841434,7.468455278444387E-4,8.37228383665473E-4,5.987568177584103E-4,862.3673496670413,703.077799827112,685.3147759765045,782.0014304496636,201.4602051551816,85628.04312686375,1377.778996147999,375449.5399627171,16293.835818953372,2653.9704322808875,63811.48917184493,82759.29542307985,15001.0,255.0,11903.0,3.0,3.0,3.0,2.0,2.0,2.0,3.0,1.0,2.0,3.0,2.0,1.0,607755.3333333334,24365.366666666665,205601.71666666667,16147.533333333333,92596.56666666667,108642.86666666667,0.0,0.0,2196.0056709111273,0.0,393.0,9389.382492663011,0.0,0.0,0.0,0.0,2391.75,4814.5221401350955,0.0,0.0,0.0,0.0,0.0,0.0,0.0,0.0,0.0,0.0,0.0,0.0,0.0,0.0,0.0,0.0,0.0,0.0,0.0,0.0,5694.409166666666,157.43333333333334,0.0,0.0,0.0,10737.1475,0.0,0.0,0.0,0.0,0.0
42,2733.0,46.519444444444446,319.14934791754314,7.039552469135783,0.44338227371962613,6.504119397664249E-4,7.689500174691223E-4,5.610111037382187E-4,762.8707070179905,576.5244850585967,652.1749518455964,670.1777073979592,197.861952506597,85628.04312686375,1381.121558914005,377220.3503258454,16328.844675547956,2653.9704322808875,64112.45650376078,83095.2716115895,15001.0,255.0,11961.0,3.0,3.0,3.0,2.0,2.0,2.0,3.0,1.0,2.0,3.0,2.0,1.0,560111.95,23865.316666666666,211289.45,15699.383333333333,86670.86666666667,106745.88333333333,0.0,0.0,2382.440590768196,0.0,411.75,9321.529623816574,0.0,0.0,0.0,0.0,2321.25,3980.4832609953232,0.0,0.0,0.0,0.0,0.0,0.0,0.0,0.0,0.0,0.0,0.0,0.0,0.0,0.0,0.0,0.0,0.0,0.0,0.0,0.0,5703.733888888889,157.43333333333334,0.0,0.0,0.0,9888.86611111111,0.0,0.0,0.0,0.0,0.0
43,2697.75,46.611666666666665,319.64559629161397,6.975323475046209,0.447063273011326,7.654249105440291E-4,8.126182202662045E-4,6.740993407064606E-4,831.7102266548645,664.7974186142449,653.8979405812223,745.6771247394572,202.8561271209268,85628.04312686375,1367.003961157001,376551.28469707246,16175.66205898929,2653.9704322808875,63998.74195737974,82828.37444864956,15001.0,255.0,11969.0,3.0,3.0,3.0,2.0,2.0,2.0,3.0,1.0,2.0,3.0,2.0,1.0,601169.0,24787.7,203776.68333333332,16156.1,93384.71666666667,105512.95,0.0,0.0,2313.0702052045744,0.0,396.75,9546.007027317144,0.0,0.0,0.0,0.0,2301.0,4650.953933027714,0.0,0.0,0.0,0.0,0.0,0.0,0.0,0.0,0.0,0.0,0.0,0.0,0.0,0.0,0.0,0.0,0.0,0.0,0.0,0.0,5659.124444444445,157.43333333333334,0.0,0.0,0.0,10608.806388888888,0.0,0.0,0.0,0.0,0.0
44,2737.5,47.76972222222222,321.2858890701468,8.383842725246726,0.48295680171095545,6.855132561150649E-4,0.0018282379260252596,6.274079885140126E-4,1049.4736490732862,859.1192751768004,757.6691892108867,945.370121323866,201.90665768194094,85628.04312686375,1457.7809104940118,378007.1218539665,17237.695824810722,2653.9704322808875,64246.17637155551,84137.84262864663,15001.0,255.0,11916.0,3.0,3.0,3.0,2.0,2.0,2.0,3.0,1.0,2.0,3.0,2.0,1.0,684332.0833333334,25332.95,227490.18333333332,18224.383333333335,95779.35,104797.68333333333,0.0,0.0,2345.426510794716,0.0,393.75,10642.629909715788,0.0,0.0,0.0,0.0,2343.75,6082.668922284641,0.0,0.0,0.0,0.0,0.0,0.0,0.0,0.0,0.0,0.0,0.0,0.0,0.0,0.0,0.0,0.0,0.0,0.0,0.0,0.0,6022.809722222222,157.43333333333334,0.0,0.0,0.0,12047.468333333334,0.0,0.0,0.0,0.0,0.0
45,2800.5,45.727222222222224,321.4885883347422,7.092626953124986,0.424607650047865,9.007009078872585E-4,8.625485522759946E-4,9.297225051428402E-4,841.7757171459072,613.340340103946,681.2522867809915,727.0848640648081,200.52732820376798,85628.04312686373,1371.3808557579996,375097.0100584938,16321.717746889957,2653.970432280888,63751.573109173485,82727.26128834434,15001.0,255.0,11968.0,3.0,3.0,3.0,2.0,2.0,2.0,3.0,1.0,2.0,3.0,2.0,1.0,578909.65,23421.233333333334,209839.56666666668,15107.233333333334,93312.26666666666,105868.58333333333,0.0,0.0,2221.296565446023,0.0,378.75,8803.853127762442,0.0,0.0,0.0,0.0,2421.75,4282.327881323924,0.0,0.0,0.0,0.0,0.0,0.0,0.0,0.0,0.0,0.0,0.0,0.0,0.0,0.0,0.0,0.0,0.0,0.0,0.0,0.0,5771.522222222222,157.43333333333334,0.0,0.0,0.0,10200.255277777778,0.0,0.0,0.0,0.0,0.0
46,2787.0,46.80083333333334,320.4067291311755,7.379154423767533,0.43833160756879014,7.771901353519309E-4,8.121795670763209E-4,6.298217421630961E-4,926.4596223862343,639.7460932306144,683.7101210757185,779.6833291487379,194.36455663091806,85628.04312686375,1372.181807074998,377801.4784629363,16250.863360832369,2653.9704322808875,64211.22517406289,83116.05896717557,15001.0,255.0,11976.0,3.0,3.0,3.0,2.0,2.0,2.0,3.0,1.0,2.0,3.0,2.0,1.0,610092.0833333334,24283.316666666666,205848.05,15895.15,90929.13333333333,107228.31666666667,0.0,0.0,2382.1896787403434,0.0,382.5,9103.325795307057,0.0,0.0,0.0,0.0,2404.5,4800.25036312573,0.0,0.0,0.0,0.0,0.0,0.0,0.0,0.0,0.0,0.0,0.0,0.0,0.0,0.0,0.0,0.0,0.0,0.0,0.0,0.0,5694.523888888889,157.43333333333334,0.0,0.0,0.0,10740.750555555556,0.0,0.0,0.0,0.0,0.0
47,2776.5,47.63027777777778,320.7795275590551,7.221673003802287,0.4411126941865417,7.617272554119081E-4,8.270337445474299E-4,6.930390453157815E-4,779.9687296844692,713.2299458098902,748.5605724811558,746.9252167107685,203.3569466455364,85628.04312686375,1376.2680411960082,377626.1630931336,16277.284438884893,2653.970432280888,64181.428533952996,83112.6834051182,15001.0,255.0,11922.0,3.0,3.0,3.0,2.0,2.0,2.0,3.0,1.0,2.0,3.0,2.0,1.0,595760.45,26454.55,206969.63333333333,16117.316666666668,93553.33333333333,104588.98333333334,0.0,0.0,2397.247296167958,0.0,403.5,9189.323139240023,0.0,0.0,0.0,0.0,2373.0,4577.406703075827,0.0,0.0,0.0,0.0,0.0,0.0,0.0,0.0,0.0,0.0,0.0,0.0,0.0,0.0,0.0,0.0,0.0,0.0,0.0,0.0,5689.483611111111,157.43333333333334,0.0,0.0,0.0,10529.806666666667,0.0,0.0,0.0,0.0,0.0
48,2709.0,46.72611111111111,319.9395807644883,7.697796010296004,0.4483996002811243,7.086279419424416E-4,0.0010338443396788236,5.540074523439091E-4,1032.8440435344987,789.561025977332,763.1030296859204,906.3553633920875,204.5873547689815,85628.04312686375,1430.4076040009966,377222.1342795655,16953.649598681488,2653.9704322808875,64112.759704940305,83720.37973590194,15001.0,255.0,11903.0,3.0,3.0,3.0,2.0,2.0,2.0,3.0,1.0,2.0,3.0,2.0,1.0,672785.1666666666,25184.5,222581.31666666668,16945.75,95191.93333333333,104735.21666666666,0.0,0.0,2364.0867264540266,0.0,369.75,9527.252658299642,0.0,0.0,0.0,0.0,2339.25,5844.985032364085,0.0,0.0,0.0,0.0,0.0,0.0,0.0,0.0,0.0,0.0,0.0,0.0,0.0,0.0,0.0,0.0,0.0,0.0,0.0,0.0,5949.331111111111,157.43333333333334,0.0,0.0,0.0,11827.839444444444,0.0,0.0,0.0,0.0,0.0
49,2817.75,48.49861111111111,319.4083812654067,7.856676319176298,0.46132566668276626,7.683728501942545E-4,7.995429715108103E-4,5.696564599060977E-4,946.1969134824358,679.0041338984363,686.0003352856204,805.4425189519037,198.28148148148168,85628.04312686375,1400.926940127992,378967.63859988964,16499.4120091613,2653.970432280888,64409.42601606963,83562.80845751129,15001.0,255.0,11884.0,3.0,3.0,3.0,2.0,2.0,2.0,3.0,1.0,2.0,3.0,2.0,1.0,612527.5333333333,25978.033333333333,211149.91666666666,17488.366666666665,87734.53333333334,108683.23333333334,0.0,0.0,2337.6432290919383,0.0,405.0,9865.831803765685,0.0,0.0,0.0,0.0,2412.75,4857.489591379106,0.0,0.0,0.0,0.0,0.0,0.0,0.0,0.0,0.0,0.0,0.0,0.0,0.0,0.0,0.0,0.0,0.0,0.0,0.0,0.0,5721.909166666666,157.43333333333334,0.0,0.0,0.0,10815.849444444444,0.0,0.0,0.0,0.0,0.0
50,2724.75,48.23361111111111,318.86633663366337,7.288648293963233,0.43466608126654677,0.0011127870750187298,0.0012613439485638332,5.666242419816944E-4,827.8862854429713,598.1249908108059,648.6345059051903,709.0984975880971,207.676523822199,85628.04312686375,1411.434092077998,372512.5536797828,16674.761155990025,2653.9704322808866,63312.318315462624,82641.0499037322,15001.0,255.0,11913.0,3.0,3.0,3.0,2.0,2.0,2.0,3.0,1.0,2.0,3.0,2.0,1.0,570600.55,22015.75,213867.15,15855.366666666667,92836.23333333334,109374.71666666666,0.0,0.0,2209.649611248566,0.0,324.75,9218.762660871416,0.0,0.0,0.0,0.0,2400.0,4194.51458503848,0.0,0.0,0.0,0.0,0.0,0.0,0.0,0.0,0.0,0.0,0.0,0.0,0.0,0.0,0.0,0.0,0.0,0.0,0.0,0.0,5816.408333333334,157.43333333333334,0.0,0.0,0.0,10082.530555555555,0.0,0.0,0.0,0.0,0.0
51,2778.75,46.61277777777778,319.2900289615225,6.91991582491581,0.42719820852300866,0.001161011449445303,0.001627855243636645,5.4104432125826E-4,997.0448282809524,710.8967836924007,744.4999109536094,849.5050599824937,203.42245322245327,85628.04312686375,1396.2649768650056,376595.8192021585,16500.6158521207,2653.9704322808875,64006.31105198944,83160.89733639103,15001.0,255.0,11899.0,3.0,3.0,3.0,2.0,2.0,2.0,3.0,1.0,2.0,3.0,2.0,1.0,636709.9833333333,27253.85,212047.55,15078.033333333333,91197.36666666667,106464.1,0.0,0.0,2385.1412306925577,0.0,434.25,8746.10963702514,0.0,0.0,0.0,0.0,2344.5,5251.829059713994,0.0,0.0,0.0,0.0,0.0,0.0,0.0,0.0,0.0,0.0,0.0,0.0,0.0,0.0,0.0,0.0,0.0,0.0,0.0,0.0,5759.018888888889,157.43333333333334,0.0,0.0,0.0,11211.057222222222,0.0,0.0,0.0,0.0,0.0
52,2738.25,46.806666666666665,318.6188303608461,7.777783435166325,0.42639002241843454,7.144298755365603E-4,9.33855973622036E-4,5.966020379020191E-4,857.0770295071028,655.9198283119332,703.0197888199701,751.6094314098464,200.99504872267596,85628.04312686375,1412.3119439570041,372585.2004738261,16710.375157578685,2653.970432280888,63324.66538109447,82689.01097095298,15001.0,255.0,11903.0,3.0,3.0,3.0,2.0,2.0,2.0,3.0,1.0,2.0,3.0,2.0,1.0,594926.5833333334,24096.75,217269.38333333333,15140.266666666666,90869.58333333333,106832.11666666667,0.0,0.0,2259.9294007227895,0.0,407.25,8885.50611924389,0.0,0.0,0.0,0.0,2331.0,4577.301437285964,0.0,0.0,0.0,0.0,0.0,0.0,0.0,0.0,0.0,0.0,0.0,0.0,0.0,0.0,0.0,0.0,0.0,0.0,0.0,0.0,5845.354444444444,157.43333333333334,0.0,0.0,0.0,10488.95638888889,0.0,0.0,0.0,0.0,0.0
53,2734.5,46.4625,318.54283326368574,7.264307228915647,0.4201403874987651,7.536642427057123E-4,9.926148601924532E-4,7.226522509441593E-4,853.557818964083,668.6641454306023,728.3166227085682,759.3329732206563,195.16330539549503,85628.04312686373,1391.2175416870045,375719.87912248896,16461.500598098683,2653.9704322808875,63857.436076901526,82972.90710728007,15001.0,255.0,11943.0,3.0,3.0,3.0,2.0,2.0,2.0,3.0,1.0,2.0,3.0,2.0,1.0,604786.5666666667,21973.0,211041.1,15121.166666666666,90227.3,112260.26666666666,0.0,0.0,2200.421165145081,0.0,336.0,8745.269992202126,0.0,0.0,0.0,0.0,2398.5,4706.177027360912,0.0,0.0,0.0,0.0,0.0,0.0,0.0,0.0,0.0,0.0,0.0,0.0,0.0,0.0,0.0,0.0,0.0,0.0,0.0,0.0,5758.694444444444,157.43333333333334,0.0,0.0,0.0,10655.294722222223,0.0,0.0,0.0,0.0,0.0
54,2781.75,46.28527777777778,318.77280197206244,6.9360596707818845,0.4190724786399308,7.852673937032667E-4,8.193381594826086E-4,6.59943755065289E-4,743.110520249619,636.6507429624254,715.7729753694173,688.8915020461518,198.1775183630641,85628.04312686375,1388.3847312249975,376670.7982335828,16422.40488360567,2653.970432280888,64019.054505218344,83095.42982110415,15001.0,255.0,11861.0,3.0,3.0,3.0,2.0,2.0,2.0,3.0,1.0,2.0,3.0,2.0,1.0,571659.75,24090.983333333334,210545.4,14416.066666666668,91051.01666666666,107893.43333333333,0.0,0.0,2357.442700034195,0.0,414.0,8506.226276960571,0.0,0.0,0.0,0.0,2367.75,4177.935601159343,0.0,0.0,0.0,0.0,0.0,0.0,0.0,0.0,0.0,0.0,0.0,0.0,0.0,0.0,0.0,0.0,0.0,0.0,0.0,0.0,5741.415,157.43333333333334,0.0,0.0,0.0,10099.837222222222,0.0,0.0,0.0,0.0,0.0
55,2824.5,47.22472222222222,321.03614457831327,7.433529028049569,0.45251922176202064,8.856088113702171E-4,8.860172317876174E-4,6.658403410598705E-4,1014.3393306665034,663.7230609757064,666.0947476377737,834.4000786137649,194.75024836601344,85628.04312686375,1399.9111103810076,374320.6686537725,16485.207420211726,2653.970432280888,63619.62594752377,82758.80380001565,15001.0,255.0,11921.0,3.0,3.0,3.0,2.0,2.0,2.0,3.0,1.0,2.0,3.0,2.0,1.0,626670.3,23683.866666666665,215235.38333333333,16086.833333333334,86352.35,105278.4,0.0,0.0,2311.38238269923,0.0,383.25,9598.595997093958,0.0,0.0,0.0,0.0,2441.25,5091.46292414127,0.0,0.0,0.0,0.0,0.0,0.0,0.0,0.0,0.0,0.0,0.0,0.0,0.0,0.0,0.0,0.0,0.0,0.0,0.0,0.0,5715.485277777778,157.43333333333334,0.0,0.0,0.0,11021.759166666667,0.0,0.0,0.0,0.0,0.0
56,2790.0,48.367222222222225,321.348132780083,6.58421395955641,0.4266535362836055,8.900589532234413E-4,8.096531531077171E-4,6.23843812446834E-4,826.7193787315996,666.9892369045283,774.4420614515064,745.3402755471596,193.66336274001063,85628.04312686375,1392.3625408610026,376131.51954750245,16454.28941551803,2653.9704322808875,63927.39857712363,83035.65842492189,15001.0,255.0,11901.0,3.0,3.0,3.0,2.0,2.0,2.0,3.0,1.0,2.0,3.0,2.0,1.0,597491.5166666667,24253.966666666667,210130.0,14658.033333333333,88645.25,109710.96666666666,0.0,0.0,2387.2852343906884,0.0,387.75,8714.980560539783,0.0,0.0,0.0,0.0,2402.25,4596.679110471678,0.0,0.0,0.0,0.0,0.0,0.0,0.0,0.0,0.0,0.0,0.0,0.0,0.0,0.0,0.0,0.0,0.0,0.0,0.0,0.0,5742.659166666666,157.43333333333334,0.0,0.0,0.0,10518.481944444444,0.0,0.0,0.0,0.0,0.0
57,2745.75,46.64111111111111,318.750606305578,7.215294511378851,0.41202228286161013,7.12640931527728E-4,9.090303395930215E-4,5.782172595210863E-4,794.1908860536989,697.4336357007427,749.4640465434001,743.8411543803571,200.07086968014818,85628.04312686375,1415.645571983005,374972.3031036864,16718.804985270737,2653.9704322808875,63730.377886780785,83103.15330433304,15001.0,255.0,11836.0,3.0,3.0,3.0,2.0,2.0,2.0,3.0,1.0,2.0,3.0,2.0,1.0,590796.6,23278.133333333335,212765.6,14637.55,94693.8,108004.86666666667,0.0,0.0,2259.2085759702964,0.0,388.5,8410.898976286611,0.0,0.0,0.0,0.0,2357.25,4506.23103774478,0.0,0.0,0.0,0.0,0.0,0.0,0.0,0.0,0.0,0.0,0.0,0.0,0.0,0.0,0.0,0.0,0.0,0.0,0.0,0.0,5828.011666666666,157.43333333333334,0.0,0.0,0.0,10405.943055555555,0.0,0.0,0.0,0.0,0.0
58,2701.5,48.034166666666664,319.48316912972086,7.25652315720807,0.44495759418746406,9.951879153163124E-4,9.632224421348352E-4,9.377123366316498E-4,851.0868118600458,741.4599951970895,665.9882991008498,797.014050123704,199.23124169103968,85628.04312686375,1414.3681036020112,377711.5801851053,16739.896887714985,2653.9704322808875,64195.94604232242,83589.81336231792,15001.0,255.0,11882.0,3.0,3.0,3.0,2.0,2.0,2.0,3.0,1.0,2.0,3.0,2.0,1.0,624336.75,24618.016666666666,217955.71666666667,16479.766666666666,93376.08333333333,105227.65,0.0,0.0,2318.437940595881,0.0,360.75,9468.326283742028,0.0,0.0,0.0,0.0,2340.75,5040.228295865624,0.0,0.0,0.0,0.0,0.0,0.0,0.0,0.0,0.0,0.0,0.0,0.0,0.0,0.0,0.0,0.0,0.0,0.0,0.0,0.0,5859.049722222222,157.43333333333334,0.0,0.0,0.0,11013.744722222222,0.0,0.0,0.0,0.0,0.0
59,2791.5,47.8375,318.89023405972557,8.17898035230351,0.4414649246445663,7.375134968378431E-4,8.613416017817897E-4,6.236329802836433E-4,1077.6352584668118,746.4325256294936,715.6980040608962,904.3821837369035,198.92336054780117,85628.04312686375,1407.865548494989,376408.93089712353,16666.460691793363,2653.970432280888,63974.547473176244,83294.97859725037,15001.0,255.0,11852.0,3.0,3.0,3.0,2.0,2.0,2.0,3.0,1.0,2.0,3.0,2.0,1.0,671849.7833333333,24850.45,209200.25,16345.333333333334,96774.78333333334,108581.51666666666,0.0,0.0,2263.311078210152,0.0,381.75,9319.728333141544,0.0,0.0,0.0,0.0,2409.75,5815.177441428289,0.0,0.0,0.0,0.0,0.0,0.0,0.0,0.0,0.0,0.0,0.0,0.0,0.0,0.0,0.0,0.0,0.0,0.0,0.0,0.0,5835.560555555556,157.43333333333334,0.0,0.0,0.0,11795.960833333333,0.0,0.0,0.0,0.0,0.0
60,2848.5,49.025,320.4545094936709,7.040102564102562,0.43853289436120796,7.316796566328725E-4,9.351439959034083E-4,6.98688182432521E-4,1003.1068902550984,862.928005701118,778.2031336425457,934.7427643449954,198.20843248836002,85628.04312686375,1448.3386561680022,375022.68705977406,17108.46919963795,2653.9704322808875,63738.94115541323,83501.3807873323,15001.0,255.0,11808.0,3.0,3.0,3.0,2.0,2.0,2.0,3.0,1.0,2.0,3.0,2.0,1.0,677539.05,25515.583333333332,219360.31666666668,15821.466666666667,94895.23333333334,110315.36666666667,0.0,0.0,2299.8857910622655,0.0,397.5,9130.683782233113,0.0,0.0,0.0,0.0,2451.0,5916.1427460002,0.0,0.0,0.0,0.0,0.0,0.0,0.0,0.0,0.0,0.0,0.0,0.0,0.0,0.0,0.0,0.0,0.0,0.0,0.0,0.0,5966.129444444445,157.43333333333334,0.0,0.0,0.0,11884.243333333334,0.0,0.0,0.0,0.0,0.0
61,2814.75,47.93694444444444,320.5343635624238,7.567283950617267,0.42558637562341445,7.220601267734941E-4,8.393045416057474E-4,5.757043084381486E-4,768.1067041030393,575.8309945775674,649.6778072867037,672.7622350214551,192.72520618556703,85628.04312686375,1409.770845123995,380058.6558041668,16675.61902067739,2653.970432280888,64594.85554815533,83924.4450011127,15001.0,255.0,11855.0,3.0,3.0,3.0,2.0,2.0,2.0,3.0,1.0,2.0,3.0,2.0,1.0,567435.45,25007.516666666666,212275.85,15028.216666666667,90372.48333333334,109503.85,0.0,0.0,2423.974439923242,0.0,402.75,8618.793536750785,0.0,0.0,0.0,0.0,2412.0,4067.0345891033135,0.0,0.0,0.0,0.0,0.0,0.0,0.0,0.0,0.0,0.0,0.0,0.0,0.0,0.0,0.0,0.0,0.0,0.0,0.0,0.0,5830.081111111111,157.43333333333334,0.0,0.0,0.0,10003.83888888889,0.0,0.0,0.0,0.0,0.0
62,2836.5,49.786944444444444,320.9959677419355,7.1033368832090815,0.4035544500193186,7.519389585178141E-4,0.0020660489022990705,6.151014782245694E-4,849.8524838743278,653.1073509429457,653.4061506539554,747.4283656002002,194.39267598343707,85628.04312686375,1431.3415614679961,377236.0816604663,16992.426438557504,2653.9704322808875,64115.130204968744,83761.52707580668,15001.0,255.0,11849.0,3.0,3.0,3.0,2.0,2.0,2.0,3.0,1.0,2.0,3.0,2.0,1.0,601161.9666666667,23250.933333333334,221913.11666666667,14264.766666666666,93368.48333333334,111022.96666666666,0.0,0.0,2328.702810964,0.0,350.25,7974.933636115063,0.0,0.0,0.0,0.0,2486.25,4606.234922001679,0.0,0.0,0.0,0.0,0.0,0.0,0.0,0.0,0.0,0.0,0.0,0.0,0.0,0.0,0.0,0.0,0.0,0.0,0.0,0.0,5980.977222222222,157.43333333333334,0.0,0.0,0.0,10578.740277777777,0.0,0.0,0.0,0.0,0.0
63,2766.75,48.452222222222225,320.96125907990313,7.197674418604643,0.40908416663145286,8.223949485150146E-4,8.580461643475136E-4,5.64104625641318E-4,945.9241926840061,719.2903026601421,695.3264241946431,834.9840019561257,198.57802912116506,85628.04312686375,1420.6999877910052,378067.5660323784,16794.37938165492,2653.9704322808875,64256.449477861046,83704.79929179543,15001.0,255.0,11854.0,3.0,3.0,3.0,2.0,2.0,2.0,3.0,1.0,2.0,3.0,2.0,1.0,635704.8666666667,24981.633333333335,218580.26666666666,14722.466666666667,88943.31666666667,108505.26666666666,0.0,0.0,2336.060977286601,0.0,396.75,8217.378572400105,0.0,0.0,0.0,0.0,2370.0,5172.030072116569,0.0,0.0,0.0,0.0,0.0,0.0,0.0,0.0,0.0,0.0,0.0,0.0,0.0,0.0,0.0,0.0,0.0,0.0,0.0,0.0,5864.711388888889,157.43333333333334,0.0,0.0,0.0,11147.17,0.0,0.0,0.0,0.0,0.0
64,2758.5,47.70916666666667,321.9132901134522,7.836808510638275,0.4060940608865351,6.850414263330781E-4,8.894263377750638E-4,5.338645001607702E-4,864.8117245262497,657.6600497769784,699.3933043436733,754.4612767070305,200.7526827985275,85628.04312686375,1420.3346446399935,376839.5683755072,16775.585044500334,2653.9704322808875,64047.73871691025,83477.29419369134,15001.0,255.0,11848.0,3.0,3.0,3.0,2.0,2.0,2.0,3.0,1.0,2.0,3.0,2.0,1.0,596226.2666666667,24500.0,212716.86666666667,14538.083333333334,94769.36666666667,107369.15,0.0,0.0,2344.3623725199036,0.0,384.0,8119.966344006597,0.0,0.0,0.0,0.0,2374.5,4557.574829041054,0.0,0.0,0.0,0.0,0.0,0.0,0.0,0.0,0.0,0.0,0.0,0.0,0.0,0.0,0.0,0.0,0.0,0.0,0.0,0.0,5848.745555555555,157.43333333333334,0.0,0.0,0.0,10489.281666666666,0.0,0.0,0.0,0.0,0.0
65,2757.0,47.93527777777778,319.73360160965797,7.121793570219951,0.4243354138084954,7.809361560261654E-4,0.0014210338251168571,6.384635950170658E-4,954.3698158302382,735.9735006085141,732.7881528056445,844.3846949390659,198.5817274875298,85628.04312686375,1410.0161411019988,376614.7781529065,16716.263259654,2653.9704322808875,64009.533319570466,83379.76701150554,15001.0,255.0,11847.0,3.0,3.0,3.0,2.0,2.0,2.0,3.0,1.0,2.0,3.0,2.0,1.0,634458.9833333333,22399.266666666666,209905.78333333333,14821.833333333334,98111.31666666667,112238.05,0.0,0.0,2306.030430392963,0.0,363.75,8753.330643211824,0.0,0.0,0.0,0.0,2393.25,5209.8535677740365,0.0,0.0,0.0,0.0,0.0,0.0,0.0,0.0,0.0,0.0,0.0,0.0,0.0,0.0,0.0,0.0,0.0,0.0,0.0,0.0,5868.811111111111,157.43333333333334,0.0,0.0,0.0,11169.535833333333,0.0,0.0,0.0,0.0,0.0
66,2826.0,47.87361111111111,320.5299110751819,7.266032887975317,0.4252295072557889,8.035478173668079E-4,7.943576730568639E-4,6.130364195503429E-4,887.2071326684687,632.6790537104453,661.6669157242972,757.7905636392076,199.5485086342232,85628.04312686373,1430.5456824630053,378365.62803514715,16880.89661817033,2653.9704322808875,64307.10816361701,83841.97521406859,15001.0,255.0,11870.0,3.0,3.0,3.0,2.0,2.0,2.0,3.0,1.0,2.0,3.0,2.0,1.0,603554.2833333333,24269.1,214931.7,14934.85,93227.81666666667,108845.46666666666,0.0,0.0,2419.774289455487,0.0,402.75,8600.123696300298,0.0,0.0,0.0,0.0,2423.25,4687.776625623654,0.0,0.0,0.0,0.0,0.0,0.0,0.0,0.0,0.0,0.0,0.0,0.0,0.0,0.0,0.0,0.0,0.0,0.0,0.0,0.0,5875.551666666666,157.43333333333334,0.0,0.0,0.0,10613.565,0.0,0.0,0.0,0.0,0.0
67,2770.5,46.41,320.34531502423266,6.892902542372863,0.40917731026675397,7.146724087957135E-4,8.71983231290655E-4,6.099123771059164E-4,829.478170767778,630.0042957130861,693.6943695662708,726.4667902554106,198.69012281160218,85628.04312686375,1413.83252948601,378906.6888104068,16777.7526275269,2653.9704322808875,64399.06697599222,83830.79003579861,15001.0,255.0,11825.0,3.0,3.0,3.0,2.0,2.0,2.0,3.0,1.0,2.0,3.0,2.0,1.0,587228.75,21677.5,214152.56666666668,13820.1,96011.63333333333,110161.18333333333,0.0,0.0,2257.6441940102236,0.0,357.75,8295.078205585545,0.0,0.0,0.0,0.0,2412.75,4375.75163330509,0.0,0.0,0.0,0.0,0.0,0.0,0.0,0.0,0.0,0.0,0.0,0.0,0.0,0.0,0.0,0.0,0.0,0.0,0.0,0.0,5901.004166666667,157.43333333333334,0.0,0.0,0.0,10321.77,0.0,0.0,0.0,0.0,0.0
68,2796.0,46.22361111111111,320.76747967479673,7.398497409326406,0.41608577892334053,7.372936462233475E-4,8.672222911499897E-4,5.622707641486359E-4,923.49910008092,669.6837635173576,699.1270495655788,787.2322860472518,197.15967067433377,85628.04312686378,1402.2005117369943,379724.0434813498,16570.94980436606,2653.9704322808875,64537.9847616954,83762.90499834245,15001.0,255.0,11868.0,3.0,3.0,3.0,2.0,2.0,2.0,3.0,1.0,2.0,3.0,2.0,1.0,608738.4333333333,24598.733333333334,204890.45,14978.6,94763.31666666667,110987.06666666667,0.0,0.0,2324.6852888716617,0.0,398.25,8427.483758651237,0.0,0.0,0.0,0.0,2397.75,4760.787249870756,0.0,0.0,0.0,0.0,0.0,0.0,0.0,0.0,0.0,0.0,0.0,0.0,0.0,0.0,0.0,0.0,0.0,0.0,0.0,0.0,5783.639166666667,157.43333333333334,0.0,0.0,0.0,10725.0675,0.0,0.0,0.0,0.0,0.0
69,2767.5,48.80138888888889,319.4668016194332,7.320532915360475,0.4098451848673464,6.948554061498221E-4,8.890665407999082E-4,6.927662459586753E-4,838.2794694104423,754.4550898755938,691.799346200143,796.5808298169212,199.91873684210543,85628.04312686375,1424.2858997390024,374313.13891435484,16872.073077174526,2653.9704322808875,63618.346191299854,83144.3897007555,15001.0,255.0,11820.0,3.0,3.0,3.0,2.0,2.0,2.0,3.0,1.0,2.0,3.0,2.0,1.0,617497.1833333333,23868.9,217863.9,14276.066666666668,94479.3,109131.11666666667,0.0,0.0,2307.6485929887313,0.0,382.5,8269.820471476862,0.0,0.0,0.0,0.0,2385.0,4906.4953667667805,0.0,0.0,0.0,0.0,0.0,0.0,0.0,0.0,0.0,0.0,0.0,0.0,0.0,0.0,0.0,0.0,0.0,0.0,0.0,0.0,5914.9447222222225,157.43333333333334,0.0,0.0,0.0,10846.87361111111,0.0,0.0,0.0,0.0,0.0
70,2776.5,47.603611111111114,320.1264646464646,7.110917180013689,0.41464318889593643,7.026077257439623E-4,8.165434383204915E-4,6.044931083123803E-4,881.3698187309169,667.8672114539909,693.843547285983,773.1330377825709,196.2383446830803,85628.04312686375,1403.3902067119966,375772.1830822804,16612.3054097568,2653.9704322808866,63866.32566980094,83132.60151183885,15001.0,255.0,11855.0,3.0,3.0,3.0,2.0,2.0,2.0,3.0,1.0,2.0,3.0,2.0,1.0,604908.9166666666,22409.75,207798.03333333333,14271.05,97568.71666666667,108965.66666666667,0.0,0.0,2353.7228072520675,0.0,384.75,8370.974066388495,0.0,0.0,0.0,0.0,2391.75,4679.6024703561725,0.0,0.0,0.0,0.0,0.0,0.0,0.0,0.0,0.0,0.0,0.0,0.0,0.0,0.0,0.0,0.0,0.0,0.0,0.0,0.0,5815.786388888889,157.43333333333334,0.0,0.0,0.0,10616.410555555556,0.0,0.0,0.0,0.0,0.0
71,2829.75,48.35055555555556,320.09614604462473,7.06287332646754,0.41701626240055534,7.791433915652451E-4,0.0013357682840976354,6.440275365210871E-4,846.9307427440194,590.2701900271475,651.1043113289813,720.8383761164542,190.21926723033613,85628.04312686375,1424.6973117090063,375910.9994510395,16782.7451939769,2653.9704322808875,63889.91893139438,83326.63455765197,15001.0,255.0,11845.0,3.0,3.0,3.0,2.0,2.0,2.0,3.0,1.0,2.0,3.0,2.0,1.0,570722.4166666666,24133.166666666668,219498.56666666668,14551.55,84870.03333333334,110811.55,0.0,0.0,2297.280039064356,0.0,384.75,8451.436480960154,0.0,0.0,0.0,0.0,2445.0,4151.428347784013,0.0,0.0,0.0,0.0,0.0,0.0,0.0,0.0,0.0,0.0,0.0,0.0,0.0,0.0,0.0,0.0,0.0,0.0,0.0,0.0,5822.416111111111,157.43333333333334,0.0,0.0,0.0,10068.557222222222,0.0,0.0,0.0,0.0,0.0
72,2757.75,46.672222222222224,318.4993839835729,7.273585858585843,0.4234672996525559,6.676241545730082E-4,8.540378202690954E-4,6.098242865978878E-4,819.7198237296477,670.2574460134841,748.9194917030617,745.7328178302678,195.8224352331611,85628.04312686373,1376.6572616949964,377014.3607354331,16237.900028096055,2653.9704322808875,64077.44646614368,82969.31692652007,15001.0,255.0,11875.0,3.0,3.0,3.0,2.0,2.0,2.0,3.0,1.0,2.0,3.0,2.0,1.0,599502.75,26193.883333333335,204120.45,14496.95,88911.25,107613.98333333334,0.0,0.0,2340.153137855833,0.0,435.75,8690.615606131198,0.0,0.0,0.0,0.0,2322.0,4605.728742121715,0.0,0.0,0.0,0.0,0.0,0.0,0.0,0.0,0.0,0.0,0.0,0.0,0.0,0.0,0.0,0.0,0.0,0.0,0.0,0.0,5647.091944444444,157.43333333333334,0.0,0.0,0.0,10546.338055555556,0.0,0.0,0.0,0.0,0.0
73,2788.5,48.16138888888889,319.0509031198686,6.851940755873325,0.4178708962045833,7.802154479649622E-4,0.0011103107238751772,6.523389681961774E-4,833.107714420331,697.5345561945414,672.4297212433379,765.851686044241,196.2019389865565,85628.04312686375,1390.6277273180021,376118.8551011596,16465.38801344449,2653.9704322808875,63925.246124944795,83044.60457067046,15001.0,255.0,11899.0,3.0,3.0,3.0,2.0,2.0,2.0,3.0,1.0,2.0,3.0,2.0,1.0,617098.5833333334,26054.266666666666,210796.86666666667,14554.316666666668,90294.05,108141.68333333333,0.0,0.0,2386.933565820715,0.0,430.5,8430.86068549667,0.0,0.0,0.0,0.0,2358.0,4882.72997169095,0.0,0.0,0.0,0.0,0.0,0.0,0.0,0.0,0.0,0.0,0.0,0.0,0.0,0.0,0.0,0.0,0.0,0.0,0.0,0.0,5767.063055555555,157.43333333333334,0.0,0.0,0.0,10852.464722222223,0.0,0.0,0.0,0.0,0.0
74,2750.25,46.985277777777775,321.2796887796888,7.80823853843501,0.42638392320616203,9.54154314548409E-4,8.439322916208265E-4,7.505965575090167E-4,898.7672084505626,698.8362189480503,714.7304614500691,796.1219857723253,199.5077733860344,85628.04312686375,1394.6304825700058,377574.3821103063,16499.600219583488,2653.9704322808875,64172.62782633883,83326.19847820318,15001.0,255.0,11903.0,3.0,3.0,3.0,2.0,2.0,2.0,3.0,1.0,2.0,3.0,2.0,1.0,609845.95,22713.05,213643.05,15674.666666666666,91275.93333333333,108023.53333333334,0.0,0.0,2331.4233329118947,0.0,378.0,8801.813590603877,0.0,0.0,0.0,0.0,2372.25,4784.471989495627,0.0,0.0,0.0,0.0,0.0,0.0,0.0,0.0,0.0,0.0,0.0,0.0,0.0,0.0,0.0,0.0,0.0,0.0,0.0,0.0,5770.536666666667,157.43333333333334,0.0,0.0,0.0,10744.2125,0.0,0.0,0.0,0.0,0.0
75,2718.75,44.74722222222222,321.3022295623452,7.237978427279032,0.4068105640394906,8.013419157388843E-4,8.291574229054673E-4,4.8569224520485623E-4,875.2632238136722,656.1811966837839,726.5146195685667,760.7146495766292,199.26372031662297,85628.04312686375,1385.8044857970083,375170.7163774724,16418.71059598665,2653.970432280888,63764.10025190525,82836.78128017239,15001.0,255.0,11886.0,3.0,3.0,3.0,2.0,2.0,2.0,3.0,1.0,2.0,3.0,2.0,1.0,599856.8666666667,24769.25,203472.3,14364.483333333334,94508.96666666667,107375.61666666667,0.0,0.0,2318.3022022478685,0.0,417.75,8209.106573442054,0.0,0.0,0.0,0.0,2301.0,4589.645052445663,0.0,0.0,0.0,0.0,0.0,0.0,0.0,0.0,0.0,0.0,0.0,0.0,0.0,0.0,0.0,0.0,0.0,0.0,0.0,0.0,5757.449166666666,157.43333333333334,0.0,0.0,0.0,10524.464444444444,0.0,0.0,0.0,0.0,0.0
76,2747.25,47.708888888888886,321.21753246753246,7.651818502824836,0.4397387797873715,9.291645400680555E-4,0.0014105908812753049,5.839254980142496E-4,1031.4504043884501,781.7585592712428,781.5426436476174,904.2511158413421,198.0197029965529,85628.04312686375,1437.177109932011,376481.55035174935,16964.742663003464,2653.970432280888,63986.88989219547,83605.60298747916,15001.0,255.0,11872.0,3.0,3.0,3.0,2.0,2.0,2.0,3.0,1.0,2.0,3.0,2.0,1.0,655143.0166666667,22269.1,217397.5,14951.9,93683.71666666667,109772.41666666667,0.0,0.0,2307.4690426559955,0.0,380.25,9263.615366000617,0.0,0.0,0.0,0.0,2367.0,5536.277456738617,0.0,0.0,0.0,0.0,0.0,0.0,0.0,0.0,0.0,0.0,0.0,0.0,0.0,0.0,0.0,0.0,0.0,0.0,0.0,0.0,5908.281944444445,157.43333333333334,0.0,0.0,0.0,11482.858333333334,0.0,0.0,0.0,0.0,0.0
77,2757.0,46.42055555555555,321.61767068273093,6.845903068340311,0.39965023607816624,7.279008708617009E-4,8.330520228386621E-4,6.669502341652142E-4,723.6651908304058,645.7991088767321,717.7476190568221,684.1520920888388,199.7643174105978,85628.04312686375,1425.4465032790035,372835.67835772614,16830.01875698787,2653.970432280888,63367.23665918956,82851.22584845871,15001.0,255.0,11809.0,3.0,3.0,3.0,2.0,2.0,2.0,3.0,1.0,2.0,3.0,2.0,1.0,565621.1,23169.566666666666,211981.73333333334,13667.05,92661.53333333334,112052.5,0.0,0.0,2240.715033185337,0.0,418.5,8015.296303755904,0.0,0.0,0.0,0.0,2338.5,4055.6916103521967,0.0,0.0,0.0,0.0,0.0,0.0,0.0,0.0,0.0,0.0,0.0,0.0,0.0,0.0,0.0,0.0,0.0,0.0,0.0,0.0,5863.887777777778,157.43333333333334,0.0,0.0,0.0,9944.208611111111,0.0,0.0,0.0,0.0,0.0
78,2766.0,48.40138888888889,319.38373015873015,7.977502634351943,0.4234756642403647,7.788896868503208E-4,8.763169339839345E-4,5.88946892065252E-4,944.5961107955197,791.164009367377,764.5767779799597,862.9448089312893,204.49912905779934,85628.04312686375,1435.1899824690013,373279.77972828166,16956.667072644235,2653.970432280888,63442.71622909747,83053.35373402263,15001.0,255.0,11795.0,3.0,3.0,3.0,2.0,2.0,2.0,3.0,1.0,2.0,3.0,2.0,1.0,646834.3166666667,24978.2,215122.68333333332,16026.55,96529.56666666667,109757.95,0.0,0.0,2292.3942334211265,0.0,403.5,8730.396869909267,0.0,0.0,0.0,0.0,2362.5,5483.295140084234,0.0,0.0,0.0,0.0,0.0,0.0,0.0,0.0,0.0,0.0,0.0,0.0,0.0,0.0,0.0,0.0,0.0,0.0,0.0,0.0,5915.621388888889,157.43333333333334,0.0,0.0,0.0,11410.935555555556,0.0,0.0,0.0,0.0,0.0
79,2824.5,47.571666666666665,319.2766639935846,7.00532817109143,0.4015822983772815,0.00100234130673511,8.314131939343183E-4,0.001123362820700294,878.9135266554827,689.0121247051881,750.3274904962786,785.3866761490465,198.00444214876066,85628.04312686375,1421.3837690400103,374831.5924071678,16836.85411148291,2653.9704322808875,63706.462664811756,83197.28720857551,15001.0,255.0,11810.0,3.0,3.0,3.0,2.0,2.0,2.0,3.0,1.0,2.0,3.0,2.0,1.0,610484.9666666667,23783.333333333332,214127.56666666668,13262.733333333334,93806.41666666667,111230.51666666666,0.0,0.0,2413.266200780805,0.0,408.75,7838.155016681845,0.0,0.0,0.0,0.0,2415.75,4773.18752429583,0.0,0.0,0.0,0.0,0.0,0.0,0.0,0.0,0.0,0.0,0.0,0.0,0.0,0.0,0.0,0.0,0.0,0.0,0.0,0.0,5902.0325,157.43333333333334,0.0,0.0,0.0,10698.026666666667,0.0,0.0,0.0,0.0,0.0
80,2787.75,47.08777777777778,320.14939759036145,7.987435328898713,0.3951703130281061,8.12437551413488E-4,8.09593053100465E-4,9.536765100826342E-4,893.0353636959858,637.0872014024142,662.0260209714057,765.6921626775909,198.17523486430102,85628.04312686375,1426.029203352003,373790.1560937261,16904.66289631329,2653.9704322808875,63529.45991220457,83088.09324079797,15001.0,255.0,11819.0,3.0,3.0,3.0,2.0,2.0,2.0,3.0,1.0,2.0,3.0,2.0,1.0,607629.6166666667,24837.066666666666,212462.3,13968.9,95082.26666666666,111958.95,0.0,0.0,2294.690973800042,0.0,390.0,7784.69958870809,0.0,0.0,0.0,0.0,2397.75,4758.351406506406,0.0,0.0,0.0,0.0,0.0,0.0,0.0,0.0,0.0,0.0,0.0,0.0,0.0,0.0,0.0,0.0,0.0,0.0,0.0,0.0,5933.998611111111,157.43333333333334,0.0,0.0,0.0,10666.558055555555,0.0,0.0,0.0,0.0,0.0
81,2874.0,48.30083333333334,321.1491124260355,7.29786780383794,0.40810754305509295,8.04421263590013E-4,9.233023256022452E-4,5.582718363619987E-4,950.1887851750724,765.9705356917023,697.6304062988931,855.3724266895216,197.3134605466737,85628.04312686378,1442.2129383219901,376019.62286508846,17057.831254630288,2653.9704322808875,63908.38059154176,83620.18227845148,15001.0,255.0,11797.0,3.0,3.0,3.0,2.0,2.0,2.0,3.0,1.0,2.0,3.0,2.0,1.0,640086.35,26051.05,224558.26666666666,13996.4,89369.0,111689.83333333333,0.0,0.0,2347.2638848910724,0.0,425.25,8067.125824525928,0.0,0.0,0.0,0.0,2448.75,5354.868994528263,0.0,0.0,0.0,0.0,0.0,0.0,0.0,0.0,0.0,0.0,0.0,0.0,0.0,0.0,0.0,0.0,0.0,0.0,0.0,0.0,5962.813055555555,157.43333333333334,0.0,0.0,0.0,11257.264722222222,0.0,0.0,0.0,0.0,0.0
82,2808.75,48.54527777777778,318.4320652173913,6.887711552612204,0.39221326417727176,9.388115380970395E-4,9.459097114350976E-4,0.0010229194721771476,812.3640861551899,692.3385814944609,755.5717530488115,750.0050563976839,196.42967320261465,85628.04312686375,1445.9560667669903,369365.94276058633,17087.542665382003,2653.9704322808875,62777.51960824357,82519.03270590602,15001.0,255.0,11718.0,3.0,3.0,3.0,2.0,2.0,2.0,3.0,1.0,2.0,3.0,2.0,1.0,591193.9833333333,24047.933333333334,211901.41666666666,13429.05,99561.91666666667,111602.55,0.0,0.0,2208.8090878828707,0.0,359.25,7753.297006993351,0.0,0.0,0.0,0.0,2449.5,4561.905755538913,0.0,0.0,0.0,0.0,0.0,0.0,0.0,0.0,0.0,0.0,0.0,0.0,0.0,0.0,0.0,0.0,0.0,0.0,0.0,0.0,5963.588611111111,157.43333333333334,0.0,0.0,0.0,10400.953611111112,0.0,0.0,0.0,0.0,0.0
83,2853.75,47.681111111111115,318.5691946833464,7.36602844638948,0.40436915866955403,7.440665084693705E-4,8.361577841759731E-4,5.932692697341831E-4,713.4044314695581,712.7380653131426,776.1992368008144,713.3614802897905,193.02018633540393,85628.04312686375,1452.5623358249973,370862.84172416665,17203.087987465482,2653.9704322808875,63031.93289641782,82888.99131616374,15001.0,255.0,11742.0,3.0,3.0,3.0,2.0,2.0,2.0,3.0,1.0,2.0,3.0,2.0,1.0,578635.6333333333,22931.716666666667,220309.41666666666,13665.516666666666,94624.56666666667,113070.5,0.0,0.0,2234.9487398547535,0.0,393.75,8077.96543558458,0.0,0.0,0.0,0.0,2460.0,4333.47283679373,0.0,0.0,0.0,0.0,0.0,0.0,0.0,0.0,0.0,0.0,0.0,0.0,0.0,0.0,0.0,0.0,0.0,0.0,0.0,0.0,6028.413055555556,157.43333333333334,0.0,0.0,0.0,10187.62361111111,0.0,0.0,0.0,0.0,0.0
84,2764.5,46.93527777777778,317.74863174354965,7.042355072463751,0.4045476448159229,7.121372709658215E-4,0.0012497962838729413,7.05662562370886E-4,841.8767930594744,700.4848518308326,746.1888198746344,770.1385919039327,194.9464862051017,85628.04312686375,1426.3530655229943,369766.79261181486,16895.785472669457,2653.9704322808875,62845.64814009142,82395.40404504111,15001.0,255.0,11756.0,3.0,3.0,3.0,2.0,2.0,2.0,3.0,1.0,2.0,3.0,2.0,1.0,603830.0666666667,23475.033333333333,211289.31666666668,13798.666666666666,98838.8,111342.53333333334,0.0,0.0,2239.102831664945,0.0,399.75,8168.873031186186,0.0,0.0,0.0,0.0,2364.75,4764.804682632304,0.0,0.0,0.0,0.0,0.0,0.0,0.0,0.0,0.0,0.0,0.0,0.0,0.0,0.0,0.0,0.0,0.0,0.0,0.0,0.0,5922.680833333333,157.43333333333334,0.0,0.0,0.0,10632.101111111111,0.0,0.0,0.0,0.0,0.0
85,2826.0,48.013333333333335,319.542125984252,7.743243727598559,0.4211711216096833,7.573604247539215E-4,0.0016804751816302597,6.62217035790529E-4,1126.4011072693563,729.4039222904399,768.4061095951281,915.5144886354994,195.1058302967205,85628.04312686375,1437.2438633259965,372972.0887845398,17032.935435483123,2653.970432280888,63390.4210063431,83077.32687410666,15001.0,255.0,11799.0,3.0,3.0,3.0,2.0,2.0,2.0,3.0,1.0,2.0,3.0,2.0,1.0,659336.4666666667,24656.65,213026.18333333332,15053.366666666667,98360.78333333334,111340.25,0.0,0.0,2302.3317639747847,0.0,407.25,8585.421126758036,0.0,0.0,0.0,0.0,2418.75,5634.483058391146,0.0,0.0,0.0,0.0,0.0,0.0,0.0,0.0,0.0,0.0,0.0,0.0,0.0,0.0,0.0,0.0,0.0,0.0,0.0,0.0,5976.083888888889,157.43333333333334,0.0,0.0,0.0,11566.165555555555,0.0,0.0,0.0,0.0,0.0
86,2816.25,46.73777777777778,317.05595238095236,6.870833333333339,0.40066368946805436,7.881425981750974E-4,7.869939396477884E-4,5.817872572354374E-4,775.0166341128505,568.0422256501115,664.249952367511,671.4619603268214,197.06978867727628,85628.04312686375,1426.0494268800041,370730.72813774674,16849.51763931774,2653.9704322808875,63009.478841233315,82512.96691283192,15001.0,255.0,11770.0,3.0,3.0,3.0,2.0,2.0,2.0,3.0,1.0,2.0,3.0,2.0,1.0,559560.4833333333,23104.75,213118.66666666666,13656.983333333334,93355.43333333333,111029.16666666667,0.0,0.0,2215.5953161674493,0.0,381.75,8014.1650766019375,0.0,0.0,0.0,0.0,2434.5,3994.079560677376,0.0,0.0,0.0,0.0,0.0,0.0,0.0,0.0,0.0,0.0,0.0,0.0,0.0,0.0,0.0,0.0,0.0,0.0,0.0,0.0,5878.68,157.43333333333334,0.0,0.0,0.0,9839.4775,0.0,0.0,0.0,0.0,0.0
87,2822.25,48.291666666666664,318.2735478806907,7.362714592274659,0.4137529661025746,6.327774283618248E-4,8.618003227273568E-4,6.123792918212664E-4,916.3963550314709,705.0898237222349,704.0885441823945,807.3513889063572,195.48988265971326,85628.04312686378,1422.9571421449944,371257.13344920945,16874.830006300715,2653.970432280888,63098.94680765004,82627.74724623148,15001.0,255.0,11777.0,3.0,3.0,3.0,2.0,2.0,2.0,3.0,1.0,2.0,3.0,2.0,1.0,616201.9,25667.05,208937.25,14160.1,98426.41666666667,110711.8,0.0,0.0,2267.0574899356825,0.0,427.5,8382.902839330249,0.0,0.0,0.0,0.0,2394.75,4931.795664844361,0.0,0.0,0.0,0.0,0.0,0.0,0.0,0.0,0.0,0.0,0.0,0.0,0.0,0.0,0.0,0.0,0.0,0.0,0.0,0.0,5927.876666666667,157.43333333333334,0.0,0.0,0.0,10824.900833333333,0.0,0.0,0.0,0.0,0.0
88,2828.25,47.206944444444446,318.52504930966467,7.30829637841832,0.3945196112550279,8.678134063637234E-4,7.810838631605167E-4,6.973500024083966E-4,879.2764392082444,660.896938850163,675.2267059705656,769.5821040185269,193.45433660299443,85628.04312686375,1436.470558399003,371932.5118549922,17013.357658022353,2653.9704322808875,63213.7342750466,82881.06236534947,15001.0,255.0,11777.0,3.0,3.0,3.0,2.0,2.0,2.0,3.0,1.0,2.0,3.0,2.0,1.0,596035.7333333333,22338.3,213785.45,13524.966666666667,97215.33333333333,111476.88333333333,0.0,0.0,2292.702456774283,0.0,399.75,7725.000605300623,0.0,0.0,0.0,0.0,2428.5,4596.970434670668,0.0,0.0,0.0,0.0,0.0,0.0,0.0,0.0,0.0,0.0,0.0,0.0,0.0,0.0,0.0,0.0,0.0,0.0,0.0,0.0,5962.455833333333,157.43333333333334,0.0,0.0,0.0,10447.98361111111,0.0,0.0,0.0,0.0,0.0
89,2781.75,46.07361111111111,319.3949019607843,6.826431718061666,0.3901736237093627,9.665720413473011E-4,8.278390346848404E-4,7.475520293324514E-4,838.4120977134965,785.3893781307122,799.4974985518735,813.0403095328505,193.84329140461264,85628.04312686375,1426.3057693829958,369469.04813091113,16838.200986885327,2653.9704322808875,62795.04342042336,82287.21483959006,15001.0,255.0,11736.0,3.0,3.0,3.0,2.0,2.0,2.0,3.0,1.0,2.0,3.0,2.0,1.0,619259.4,24970.266666666666,208265.73333333334,12823.933333333332,97616.88333333333,109915.25,0.0,0.0,2262.0227958231344,0.0,406.5,7660.670565777355,0.0,0.0,0.0,0.0,2375.25,5006.973239539805,0.0,0.0,0.0,0.0,0.0,0.0,0.0,0.0,0.0,0.0,0.0,0.0,0.0,0.0,0.0,0.0,0.0,0.0,0.0,0.0,5865.536666666667,157.43333333333334,0.0,0.0,0.0,10858.066388888888,0.0,0.0,0.0,0.0,0.0
90,2785.5,50.48361111111111,320.26993387786854,7.548398128149755,0.43767881660614066,7.243981971284344E-4,0.0014235206795080466,5.885214858998431E-4,1052.1679529560813,803.9988483769976,684.6054148153698,925.7162449166285,199.2108741442871,85628.04312686375,1473.1591011670096,373688.0865210496,17442.32583998743,2653.9704322808875,63512.11214442504,83608.40841669278,15001.0,255.0,11771.0,3.0,3.0,3.0,2.0,2.0,2.0,3.0,1.0,2.0,3.0,2.0,1.0,663626.9166666666,25036.8,226918.58333333334,15184.0,97449.65,109279.93333333333,0.0,0.0,2364.9187454984135,0.0,387.75,9100.84120201414,0.0,0.0,0.0,0.0,2397.75,5743.297869503583,0.0,0.0,0.0,0.0,0.0,0.0,0.0,0.0,0.0,0.0,0.0,0.0,0.0,0.0,0.0,0.0,0.0,0.0,0.0,0.0,6109.193888888889,157.43333333333334,0.0,0.0,0.0,11634.497222222222,0.0,0.0,0.0,0.0,0.0
91,2820.75,48.5175,320.27812257564005,6.9729538690476085,0.3902298734795465,7.910643974493542E-4,0.0020847662699723154,0.0010714914978321851,778.4567247689091,717.6147859187082,732.1232999978693,748.6250163831295,198.22304900181513,85628.04312686375,1445.905465175995,369770.9579063878,17103.75894684693,2653.970432280888,62846.3560745039,82604.08545363168,15001.0,255.0,11727.0,3.0,3.0,3.0,2.0,2.0,2.0,3.0,1.0,2.0,3.0,2.0,1.0,587973.8,23825.5,218452.63333333333,12908.5,95070.96666666667,112988.1,0.0,0.0,2262.6414998411447,0.0,372.75,7622.883410526344,0.0,0.0,0.0,0.0,2448.0,4463.26075739753,0.0,0.0,0.0,0.0,0.0,0.0,0.0,0.0,0.0,0.0,0.0,0.0,0.0,0.0,0.0,0.0,0.0,0.0,0.0,0.0,5980.373333333333,157.43333333333334,0.0,0.0,0.0,10338.238888888889,0.0,0.0,0.0,0.0,0.0
92,2778.0,46.864444444444445,318.9116831683168,7.38123809523809,0.38029812440906535,8.577264204454062E-4,7.890734915206506E-4,7.77490894218192E-4,931.5865992288203,652.5238299525375,677.704841351428,787.0492100685701,197.7450078822913,85628.04312686375,1426.8165506819919,368304.97457506997,16908.62555721009,2653.9704322808875,62597.19721421855,82159.79320370933,15001.0,255.0,11778.0,3.0,3.0,3.0,2.0,2.0,2.0,3.0,1.0,2.0,3.0,2.0,1.0,614045.1833333333,20233.7,212961.96666666667,12543.766666666666,99272.7,111657.56666666667,0.0,0.0,2219.0021004759483,0.0,360.75,7385.885128407584,0.0,0.0,0.0,0.0,2417.25,4880.142351986284,0.0,0.0,0.0,0.0,0.0,0.0,0.0,0.0,0.0,0.0,0.0,0.0,0.0,0.0,0.0,0.0,0.0,0.0,0.0,0.0,5931.9336111111115,157.43333333333334,0.0,0.0,0.0,10746.419444444444,0.0,0.0,0.0,0.0,0.0
93,2802.75,45.67916666666667,320.9525128611001,6.839155505952378,0.38584922554247886,8.283828947785477E-4,8.867047316965948E-4,7.961571935278521E-4,758.3188772709877,659.0428734923904,730.1958656399966,708.417639782302,199.5589262444621,85628.04312686375,1426.6295591559965,372995.27140124526,16879.672643121845,2653.9704322808875,63394.361129148914,82928.00420455208,15001.0,255.0,11769.0,3.0,3.0,3.0,2.0,2.0,2.0,3.0,1.0,2.0,3.0,2.0,1.0,573091.3166666667,23691.816666666666,208295.76666666666,12542.783333333333,98433.05,110408.58333333333,0.0,0.0,2325.799565329313,0.0,409.5,7435.087067559366,0.0,0.0,0.0,0.0,2393.25,4187.141816468839,0.0,0.0,0.0,0.0,0.0,0.0,0.0,0.0,0.0,0.0,0.0,0.0,0.0,0.0,0.0,0.0,0.0,0.0,0.0,0.0,5904.440555555556,157.43333333333334,0.0,0.0,0.0,10059.277777777777,0.0,0.0,0.0,0.0,0.0
94,2825.25,48.179722222222225,318.03349093774625,7.2769362186788005,0.39012963843804477,7.871332240445137E-4,9.135531159843779E-4,5.162528320146434E-4,1002.0539156074265,787.091909259563,712.0711006845132,890.9016500117069,196.05768033212294,85628.04312686375,1432.404406666994,371729.05444386776,16935.979639640253,2653.9704322808875,63179.15460719503,82769.1046791152,15001.0,255.0,11777.0,3.0,3.0,3.0,2.0,2.0,2.0,3.0,1.0,2.0,3.0,2.0,1.0,662864.5166666667,23113.183333333334,215457.51666666666,13633.033333333333,97215.53333333334,110134.86666666667,0.0,0.0,2207.8335767053254,0.0,362.25,7669.927580475846,0.0,0.0,0.0,0.0,2463.0,5669.59911160228,0.0,0.0,0.0,0.0,0.0,0.0,0.0,0.0,0.0,0.0,0.0,0.0,0.0,0.0,0.0,0.0,0.0,0.0,0.0,0.0,5916.248055555556,157.43333333333334,0.0,0.0,0.0,11604.24,0.0,0.0,0.0,0.0,0.0
95,2856.0,47.24722222222222,318.97952086553323,6.837444444444437,0.39986035230487615,7.547829826670279E-4,8.317123173331824E-4,6.938001476300365E-4,789.1772011288779,728.7267435274892,821.4322258850005,758.6588415506126,198.6538520999745,85628.04312686375,1467.9037901840052,371100.8344985122,17369.540076989797,2653.970432280888,63072.38220245486,83095.8927117246,15001.0,255.0,11725.0,3.0,3.0,3.0,2.0,2.0,2.0,3.0,1.0,2.0,3.0,2.0,1.0,589053.1166666667,21427.966666666667,218987.41666666666,13222.483333333334,97473.18333333333,115740.71666666666,0.0,0.0,2247.731515931198,0.0,351.0,7916.121415467832,0.0,0.0,0.0,0.0,2505.0,4478.194550819589,0.0,0.0,0.0,0.0,0.0,0.0,0.0,0.0,0.0,0.0,0.0,0.0,0.0,0.0,0.0,0.0,0.0,0.0,0.0,0.0,6076.789722222222,157.43333333333334,0.0,0.0,0.0,10344.087777777779,0.0,0.0,0.0,0.0,0.0
96,2880.75,46.13777777777778,318.52065799540935,6.6790109034268,0.38652111337921546,0.001181388972511105,0.0014152337524480606,6.964478156829401E-4,794.4266041069128,667.0180175858524,721.1324466234917,728.91219089701,197.75324742268046,85628.04312686375,1443.2503795609894,371052.4374103447,17052.32928559581,2653.970432280888,63064.1566223456,82770.45634022212,15001.0,255.0,11704.0,3.0,3.0,3.0,2.0,2.0,2.0,3.0,1.0,2.0,3.0,2.0,1.0,582205.8166666667,22093.0,211074.66666666666,12576.833333333334,98450.53333333334,114522.41666666667,0.0,0.0,2318.09405070832,0.0,369.75,7386.6699220323135,0.0,0.0,0.0,0.0,2511.0,4368.208779558915,0.0,0.0,0.0,0.0,0.0,0.0,0.0,0.0,0.0,0.0,0.0,0.0,0.0,0.0,0.0,0.0,0.0,0.0,0.0,0.0,5949.220833333334,157.43333333333334,0.0,0.0,0.0,10233.559722222222,0.0,0.0,0.0,0.0,0.0
97,2790.0,48.28722222222222,317.94452945677125,6.740800615858342,0.39985481921701604,0.001595261334301654,0.001759848709281718,0.001105010578503522,1008.9535410363061,819.3831250563986,755.8444371056091,913.977308213272,194.9343962362785,85628.04312686375,1459.33302365599,371231.56709332735,17278.52007565966,2653.970432280888,63094.60154399071,83027.09205193083,15001.0,255.0,11706.0,3.0,3.0,3.0,2.0,2.0,2.0,3.0,1.0,2.0,3.0,2.0,1.0,663260.9166666666,25740.333333333332,219276.9,12845.45,100811.5,108635.96666666666,0.0,0.0,2235.665946612865,0.0,404.25,7994.006821912406,0.0,0.0,0.0,0.0,2385.75,5709.311585305572,0.0,0.0,0.0,0.0,0.0,0.0,0.0,0.0,0.0,0.0,0.0,0.0,0.0,0.0,0.0,0.0,0.0,0.0,0.0,0.0,6051.745833333333,157.43333333333334,0.0,0.0,0.0,11603.998055555556,0.0,0.0,0.0,0.0,0.0
98,2864.25,46.65888888888889,318.27188584650986,6.9493310397553545,0.38388558798373534,7.814277592282479E-4,8.798332191849916E-4,6.324997043826837E-4,825.1089677908728,640.4012144597853,680.6952025577416,729.0400245932288,198.51888201957766,85628.04312686375,1456.7249058459913,369635.1779386982,17261.36359012159,2653.9704322808875,62823.278880326776,82738.6129027295,15001.0,255.0,11712.0,3.0,3.0,3.0,2.0,2.0,2.0,3.0,1.0,2.0,3.0,2.0,1.0,580846.6833333333,22560.35,217584.95,12290.566666666668,96822.48333333334,115334.71666666666,0.0,0.0,2321.170056972501,0.0,384.0,7314.278573365817,0.0,0.0,0.0,0.0,2480.25,4329.68770161201,0.0,0.0,0.0,0.0,0.0,0.0,0.0,0.0,0.0,0.0,0.0,0.0,0.0,0.0,0.0,0.0,0.0,0.0,0.0,0.0,6054.680833333333,157.43333333333334,0.0,0.0,0.0,10177.458611111111,0.0,0.0,0.0,0.0,0.0
99,2829.0,48.76888888888889,317.6115384615385,7.820917759237176,0.4037198323277889,9.841923504981288E-4,8.732678550068729E-4,8.898147636432858E-4,1012.7515782860125,783.4526376544286,692.4991439749258,891.2204636735833,194.44552489037966,85628.04312686375,1453.218997503984,373333.5250618496,17205.415424843693,2653.9704322808875,63451.85079821039,83311.23665533439,15001.0,255.0,11704.0,3.0,3.0,3.0,2.0,2.0,2.0,3.0,1.0,2.0,3.0,2.0,1.0,652853.2833333333,24157.583333333332,214350.43333333332,13839.4,100211.48333333334,114186.83333333333,0.0,0.0,2320.7838747083047,0.0,419.25,7995.7375857168345,0.0,0.0,0.0,0.0,2409.75,5533.241273213405,0.0,0.0,0.0,0.0,0.0,0.0,0.0,0.0,0.0,0.0,0.0,0.0,0.0,0.0,0.0,0.0,0.0,0.0,0.0,0.0,6025.612777777777,157.43333333333334,0.0,0.0,0.0,11465.113888888889,0.0,0.0,0.0,0.0,0.0
100,2862.0,46.9625,319.36406433895644,7.405691964285721,0.397753120421107,9.744551587572128E-4,8.116696822846586E-4,9.749830958078042E-4,889.7104692564111,697.5212124751577,715.4322408035221,794.9064374685081,194.8472643205754,85628.04312686375,1422.5853712069932,371969.8182353558,16824.379935628767,2653.9704322808875,63220.0748759354,82698.42524384511,15001.0,255.0,11755.0,3.0,3.0,3.0,2.0,2.0,2.0,3.0,1.0,2.0,3.0,2.0,1.0,603854.25,24848.366666666665,208901.51666666666,13313.7,95906.91666666667,110865.45,0.0,0.0,2340.6862448893985,0.0,452.25,7748.55310914231,0.0,0.0,0.0,0.0,2409.75,4700.767540907519,0.0,0.0,0.0,0.0,0.0,0.0,0.0,0.0,0.0,0.0,0.0,0.0,0.0,0.0,0.0,0.0,0.0,0.0,0.0,0.0,5880.266666666666,157.43333333333334,0.0,0.0,0.0,10586.73,0.0,0.0,0.0,0.0,0.0
