modeChoiceReplanningEventChain,count
drive_transit-Replanning-walk_transit-Replanning-walk_transit,154
drive_transit-Replanning-walk,22
drive_transit-Replanning-walk_transit-Replanning-walk_transit-Replanning-walk,566
drive_transit-Replanning-walk_transit-Replanning-walk,15
drive_transit-Replanning-walk_transit,278
walk_transit-Replanning-walk_transit-Replanning-walk_transit-Replanning-walk,1410
walk_transit-Replanning-walk_transit-Replanning-walk_transit,426
walk_transit-Replanning-walk,38
ride_hail-Replanning-walk_transit-Replanning-walk_transit,1
walk_transit-Replanning-walk_transit-Replanning-walk,37
walk_transit-Replanning-walk_transit,525
